Category,Page,Post Type,Rating,Debate,share_count,reaction_count,comment_count,Day
2,1,4,4,0,96,146.0,15.0,19
2,1,4,4,0,25,207.0,108.0,19
3,8,1,1,0,52,131.0,25.0,19
3,8,1,3,0,1640,2676.0,284.0,19
3,8,1,1,0,748,1417.0,71.0,19
3,8,1,3,0,272,2409.0,53.0,19
3,8,1,1,0,309,2167.0,49.0,19
3,8,1,2,0,203,2115.0,40.0,19
3,8,1,2,0,33,204.0,28.0,19
3,8,1,1,0,87,707.0,24.0,19
3,8,1,2,0,244,813.0,77.0,19
3,8,1,3,0,51,86.0,12.0,19
1,9,1,3,0,483,5317.0,101.0,19
1,9,4,3,0,688,3329.0,37.0,19
3,4,1,3,0,14,35.0,9.0,19
1,9,1,3,0,4030,24066.0,331.0,19
2,1,1,3,0,2,37.0,25.0,19
1,9,1,3,0,33767,27185.0,3129.0,19
3,4,1,2,0,3304,1996.0,220.0,19
2,1,1,3,0,3,24.0,6.0,19
3,4,1,1,0,18,32.0,12.0,19
3,4,2,4,0,500,467.0,16.0,19
3,4,1,3,0,74,154.0,92.0,19
3,4,1,3,0,54,178.0,123.0,19
3,4,1,1,0,28,70.0,37.0,19
3,4,1,3,0,210,279.0,278.0,19
3,4,1,3,0,2828,1537.0,612.0,19
3,4,1,2,0,1966,1773.0,82.0,19
3,4,2,4,0,593,639.0,29.0,19
3,8,1,1,0,2361,3757.0,823.0,19
1,9,1,3,0,3899,12225.0,378.0,19
3,8,1,1,0,635,1604.0,296.0,19
3,4,1,2,0,75,140.0,11.0,19
3,4,4,4,0,96,73.0,14.0,19
2,1,1,3,0,23,98.0,8.0,19
2,1,1,3,0,15,106.0,29.0,19
1,9,4,4,0,1801,5927.0,241.0,19
3,8,1,1,0,47,198.0,20.0,19
3,8,1,1,0,471,1374.0,89.0,19
2,3,1,3,0,85,793.0,403.0,19
2,3,1,3,0,170,1444.0,486.0,19
2,3,1,3,0,28,284.0,150.0,19
2,3,4,3,0,279,1738.0,738.0,19
2,3,1,3,0,3,37.0,51.0,19
2,3,1,3,0,187,1681.0,548.0,19
2,3,1,3,0,142,1063.0,443.0,19
2,3,1,3,0,87,761.0,404.0,19
2,3,1,3,0,17,124.0,40.0,19
2,3,1,3,0,29,219.0,136.0,19
2,3,1,3,0,21,135.0,57.0,19
2,3,1,3,0,46,674.0,339.0,19
2,3,1,3,0,119,541.0,206.0,19
2,7,1,3,0,5,146.0,72.0,19
2,7,1,3,0,200,1151.0,271.0,19
2,3,1,3,0,78,513.0,424.0,19
2,3,4,3,0,787,3147.0,1511.0,19
2,3,1,3,0,19,132.0,86.0,19
2,3,4,3,0,465,4084.0,3299.0,19
3,8,1,3,0,441,5497.0,608.0,19
3,8,1,1,0,31,130.0,8.0,19
3,8,1,3,0,52,154.0,103.0,19
3,8,1,1,0,117,538.0,24.0,19
3,8,1,1,0,645,740.0,59.0,19
3,8,1,1,0,1925,3618.0,218.0,19
1,9,4,3,0,96,3864.0,265.0,19
3,4,2,4,0,99,182.0,31.0,19
1,2,1,3,0,1147,3403.0,386.0,19
2,3,1,3,0,58,492.0,414.0,19
2,3,1,3,0,46,634.0,229.0,19
2,3,1,3,0,33,548.0,305.0,19
2,3,1,3,0,17,92.0,66.0,19
2,3,1,3,0,75,404.0,310.0,19
2,3,1,3,0,21,125.0,94.0,19
2,3,1,3,0,101,621.0,564.0,19
1,9,1,3,0,26726,20354.0,1471.0,19
2,7,1,3,0,205,453.0,125.0,19
3,4,1,1,0,182,114.0,14.0,19
3,4,1,1,0,58,75.0,18.0,19
2,1,4,3,0,37,507.0,164.0,19
2,1,1,3,0,96,10.0,0.0,19
2,1,1,3,0,8,29.0,14.0,19
2,1,4,3,0,152,278.0,59.0,19
2,1,1,3,0,7,62.0,64.0,19
2,1,4,4,0,5,19.0,6.0,19
2,1,4,3,0,46,409.0,105.0,19
2,1,1,3,0,23,28.0,21.0,19
2,1,4,3,0,568,3188.0,2815.0,19
2,1,1,3,0,35,170.0,86.0,19
2,1,1,3,0,34,63.0,27.0,19
2,1,1,3,0,1,33.0,34.0,19
1,9,2,3,0,693,3518.0,181.0,19
1,9,4,3,0,5592,4496.0,384.0,19
3,8,1,1,0,57,196.0,19.0,19
2,1,1,3,0,4,23.0,2.0,19
3,8,1,1,0,247,1682.0,292.0,19
1,9,1,3,0,2855,5604.0,529.0,19
2,1,4,3,0,30,268.0,177.0,19
3,4,1,3,0,40,205.0,19.0,19
2,1,1,3,0,50,157.0,129.0,19
2,1,4,4,0,96,47.0,6.0,19
2,1,1,3,0,13,101.0,73.0,19
3,8,1,3,0,29,153.0,11.0,19
3,8,1,3,0,5434,7211.0,3667.0,19
3,8,1,1,0,615,1104.0,178.0,19
3,8,1,3,0,401,672.0,58.0,19
3,8,1,3,0,591,1361.0,251.0,19
3,8,1,2,0,179,354.0,45.0,19
3,8,1,3,0,193,1015.0,112.0,19
3,8,1,3,0,21,111.0,11.0,19
3,8,1,1,0,33,75.0,1.0,19
3,8,1,1,0,252,680.0,145.0,19
2,1,1,3,0,10,41.0,14.0,19
2,1,1,3,0,7,39.0,6.0,19
3,8,1,3,0,182,860.0,292.0,19
3,8,1,3,0,60,254.0,97.0,19
2,1,4,3,0,10,85.0,29.0,19
3,4,1,3,0,26,71.0,34.0,19
3,4,1,3,0,38,114.0,14.0,19
3,4,1,1,0,29,174.0,8.0,19
3,4,1,4,0,6,17.0,3.0,19
3,4,1,4,0,22,111.0,6.0,19
3,4,1,1,0,101,190.0,36.0,19
3,4,2,4,0,1193,1099.0,263.0,19
3,4,2,2,0,7577,2989.0,146.0,19
3,4,2,4,0,155,819.0,6.0,19
3,4,1,1,0,264,290.0,10.0,19
3,4,1,3,0,2,18.0,5.0,19
3,4,1,3,0,6,31.0,0.0,19
3,4,2,1,0,266,318.0,32.0,19
3,4,1,3,0,36,48.0,3.0,19
3,4,1,3,0,218,493.0,94.0,19
3,4,1,3,0,21,38.0,4.0,19
3,4,1,2,0,1507,1107.0,147.0,19
3,4,1,1,0,17,63.0,32.0,19
3,4,1,1,0,201,224.0,40.0,19
3,8,1,2,0,248,1174.0,23.0,19
2,1,4,4,0,3,9.0,3.0,19
2,1,4,3,0,96,16.0,20.0,19
2,1,1,3,0,15,276.0,74.0,19
2,1,1,3,0,56,300.0,65.0,19
2,1,4,3,0,64,480.0,130.0,19
2,1,1,3,0,6,33.0,5.0,19
3,4,1,1,0,170,335.0,83.0,19
2,1,4,3,0,289,674.0,243.0,19
2,1,4,4,0,96,24.0,7.0,19
3,8,1,1,0,246,1272.0,20.0,19
2,1,1,3,0,25,263.0,87.0,19
3,8,1,3,0,21,66.0,6.0,19
3,4,2,4,0,89,200.0,5.0,19
3,4,1,2,0,138,212.0,80.0,19
3,4,1,3,0,12,50.0,37.0,19
2,1,1,3,0,2,18.0,11.0,19
2,7,1,3,0,1,22.0,13.0,19
3,4,1,3,0,5,27.0,3.0,19
2,7,1,3,0,35,734.0,191.0,19
3,5,1,3,0,1860,9912.0,299.0,19
3,5,1,2,0,4595,4899.0,256.0,19
3,5,1,3,0,1203,1956.0,715.0,19
1,2,1,3,0,130,1032.0,382.0,19
1,2,1,1,0,241,2027.0,226.0,19
1,2,1,1,0,991,3087.0,313.0,19
1,2,1,3,0,1190,5112.0,293.0,19
1,2,1,3,0,1018,4388.0,122.0,19
1,2,1,3,0,375,3015.0,88.0,19
1,6,2,3,0,26696,33959.0,1762.0,19
1,6,4,4,0,121577,54024.0,9549.0,19
1,6,1,3,0,447,3077.0,293.0,19
1,6,1,3,0,17330,18248.0,2527.0,19
2,7,1,3,0,5,48.0,9.0,19
2,7,1,3,0,4,27.0,17.0,19
3,5,1,3,0,3700,14954.0,2563.0,19
2,7,1,3,0,26,64.0,16.0,19
3,5,1,4,0,3442,6399.0,242.0,19
3,5,1,2,0,13305,9490.0,932.0,19
3,5,1,3,0,734,3052.0,91.0,19
3,5,1,2,0,54,109.0,39.0,19
3,5,1,1,0,82,857.0,49.0,19
3,5,1,1,0,981,6376.0,384.0,19
1,6,1,3,0,9144,13983.0,1052.0,19
1,2,1,3,0,1138,5281.0,318.0,19
1,2,1,3,0,894,3454.0,325.0,19
2,7,1,3,0,24,557.0,119.0,19
1,2,1,3,0,557,1597.0,225.0,19
1,9,2,4,0,2,26990.0,590.0,19
3,5,1,3,0,1511,2281.0,191.0,19
3,5,1,2,0,572,1148.0,204.0,19
3,5,1,3,0,65,185.0,8.0,19
3,5,1,3,0,947,1689.0,535.0,19
3,5,1,1,0,2965,4607.0,3728.0,19
3,5,1,3,0,728,3120.0,84.0,19
2,7,1,3,0,18,223.0,80.0,19
2,7,1,3,0,268,1288.0,755.0,19
2,7,1,3,0,35,91.0,63.0,19
1,6,1,1,0,2007,8342.0,720.0,19
1,6,1,1,0,5207,10719.0,3695.0,19
1,6,1,1,0,33482,19552.0,1741.0,19
1,6,1,3,0,3812,11005.0,523.0,19
1,6,4,3,0,96,30011.0,13510.0,19
2,7,1,3,0,92,779.0,192.0,19
1,6,1,3,0,2460,4723.0,825.0,19
1,6,1,3,0,7338,13357.0,561.0,19
1,6,2,1,0,46108,31113.0,2988.0,19
1,6,1,3,0,3910,6502.0,1339.0,19
1,6,4,3,0,10093,6617.0,1084.0,19
2,7,1,3,0,47,646.0,282.0,19
2,7,1,3,0,10,66.0,22.0,19
2,7,1,3,0,25,107.0,29.0,19
2,7,2,3,0,260,689.0,31.0,19
1,6,2,4,0,12984,19513.0,3204.0,19
1,6,2,4,0,32189,42085.0,2302.0,19
1,6,1,3,0,14207,33399.0,1192.0,19
1,6,2,3,0,7122,10154.0,441.0,19
2,7,1,3,0,18,55.0,14.0,19
2,7,1,3,0,10,17.0,13.0,19
2,7,4,3,0,85,1428.0,430.0,19
2,7,1,3,0,8,43.0,17.0,19
2,7,4,3,0,138,1496.0,230.0,19
2,7,4,3,0,591,1942.0,512.0,19
2,7,1,3,0,154,1369.0,251.0,19
3,5,1,3,0,197,655.0,144.0,19
2,7,1,3,0,12,211.0,116.0,19
2,7,4,3,0,18,65.0,54.0,19
2,7,1,3,0,10,72.0,35.0,19
2,7,1,3,0,80,194.0,90.0,19
2,7,1,3,0,6,54.0,11.0,19
2,7,1,3,0,36,401.0,96.0,19
2,7,1,3,0,163,631.0,246.0,19
1,6,4,3,0,63291,30011.0,13510.0,19
2,7,1,3,0,13,87.0,74.0,19
3,5,1,1,0,95,259.0,16.0,19
2,7,1,3,0,27,62.0,39.0,19
2,7,4,3,0,19,257.0,161.0,19
2,7,1,3,0,11,44.0,32.0,19
2,7,1,3,0,74,876.0,212.0,19
2,7,1,3,0,18,128.0,23.0,19
2,7,1,3,0,44,620.0,66.0,19
2,7,1,3,0,114,441.0,170.0,19
2,7,1,3,0,40,510.0,371.0,19
2,7,1,3,0,46,152.0,62.0,19
2,7,1,3,0,6,65.0,37.0,19
2,7,1,3,0,27,150.0,43.0,19
2,7,1,3,0,11,66.0,20.0,19
2,7,1,3,0,19,204.0,100.0,19
2,7,1,3,0,18,196.0,65.0,19
2,7,1,3,0,10,41.0,27.0,19
2,7,1,3,0,15,70.0,23.0,19
2,7,1,1,0,14560,39730.0,2915.0,19
2,7,1,3,0,40,687.0,366.0,19
2,7,1,3,0,35,484.0,380.0,19
2,3,1,1,0,403,2518.0,389.0,19
1,9,4,3,0,96,7580.0,364.0,19
2,7,1,3,0,446,1985.0,342.0,19
3,5,1,3,0,246,2809.0,73.0,19
2,7,1,3,0,8,119.0,24.0,19
2,7,1,3,0,41,218.0,81.0,19
2,7,1,3,0,704,1636.0,284.0,19
2,7,1,3,0,8,63.0,29.0,19
2,7,1,3,0,49,400.0,239.0,19
2,3,1,3,0,17,78.0,112.0,19
2,7,1,3,0,72,491.0,254.0,19
2,7,4,3,0,50,424.0,276.0,19
2,3,1,3,0,8,61.0,62.0,19
2,3,1,3,0,6,38.0,39.0,19
2,3,1,3,0,122,521.0,214.0,19
2,3,1,3,0,19,90.0,88.0,19
2,3,1,3,0,55,299.0,131.0,19
2,3,1,3,0,130,633.0,426.0,19
2,7,4,3,0,80,855.0,389.0,19
2,3,1,3,0,36,284.0,288.0,19
2,7,1,3,0,11,127.0,87.0,19
2,3,1,3,0,6,56.0,30.0,19
2,3,1,3,0,48,355.0,160.0,19
2,3,1,3,0,33,293.0,325.0,19
2,7,4,3,0,68,1581.0,282.0,19
2,7,4,3,0,243,1798.0,467.0,19
2,7,1,3,0,28,157.0,72.0,19
1,2,1,1,0,1145,6552.0,562.0,19
1,2,1,1,0,8466,7584.0,1343.0,19
2,3,1,3,0,10,55.0,57.0,19
1,2,1,3,0,827,3491.0,161.0,19
1,2,1,2,0,167,862.0,102.0,19
1,2,1,3,0,896,2707.0,305.0,19
1,2,1,1,0,1400,2728.0,707.0,19
1,2,1,3,0,1935,4933.0,444.0,19
1,2,1,3,0,261,931.0,365.0,19
1,2,1,3,0,248,894.0,66.0,19
1,2,1,2,0,156,661.0,107.0,19
1,2,1,3,0,426,2475.0,124.0,19
2,3,1,3,0,36,559.0,420.0,19
1,2,1,3,0,132,866.0,183.0,19
2,3,1,3,0,17,138.0,130.0,19
2,3,1,3,0,128,694.0,316.0,19
2,3,4,3,0,51,330.0,584.0,19
2,3,1,3,0,156,377.0,284.0,19
2,3,1,3,0,11,88.0,117.0,19
2,3,4,3,0,119,1687.0,2877.0,19
2,3,1,3,0,150,636.0,382.0,19
2,3,1,3,0,72,584.0,215.0,19
2,3,1,3,0,264,1274.0,675.0,19
2,3,4,3,0,101,509.0,251.0,19
2,3,1,3,0,22,285.0,185.0,19
2,3,4,3,0,72,578.0,1003.0,19
2,3,1,3,0,4,32.0,60.0,19
2,3,1,3,0,224,907.0,551.0,19
2,3,1,3,0,39,185.0,277.0,19
2,3,1,3,0,95,251.0,231.0,19
3,8,1,2,0,518,977.0,70.0,20
3,8,1,3,0,25,208.0,18.0,20
2,1,1,3,0,11,83.0,57.0,20
3,8,1,2,0,3242,2300.0,770.0,20
3,8,1,1,0,116,651.0,541.0,20
3,8,1,1,0,401,943.0,87.0,20
3,8,1,1,0,5999,6736.0,785.0,20
3,8,1,3,0,2,34.0,34.0,20
3,8,1,4,0,674,4252.0,425.0,20
3,8,1,1,0,47,377.0,134.0,20
3,8,1,1,0,326,638.0,281.0,20
3,8,1,3,0,1113,7157.0,168.0,20
3,8,1,1,0,10,54.0,13.0,20
3,8,1,3,0,195,1242.0,18.0,20
3,8,1,2,0,462,1090.0,342.0,20
2,7,1,4,0,159,429.0,49.0,20
3,8,1,1,0,1151,2695.0,1685.0,20
3,8,1,1,0,1268,2106.0,236.0,20
2,7,2,3,0,8,62.0,65.0,20
3,8,1,3,0,83,281.0,78.0,20
2,3,1,3,0,99,888.0,402.0,20
2,1,1,3,0,96,12.0,4.0,20
2,3,1,3,0,22880,6899.0,1145.0,20
2,3,1,3,0,9,95.0,95.0,20
2,3,1,3,0,2,36.0,33.0,20
2,3,1,3,0,4,58.0,45.0,20
2,3,1,3,0,30,162.0,143.0,20
3,8,1,1,0,84,558.0,23.0,20
2,3,1,3,0,28,375.0,204.0,20
2,7,1,3,0,214,2150.0,160.0,20
3,4,1,3,0,317,799.0,221.0,20
1,2,1,3,0,237,1943.0,43.0,20
2,7,1,3,0,12,94.0,44.0,20
2,1,1,3,0,35,243.0,81.0,20
3,8,1,3,0,29,78.0,18.0,20
3,8,1,3,0,19,227.0,16.0,20
2,7,1,3,0,9,36.0,31.0,20
2,1,1,3,0,5,36.0,20.0,20
2,7,2,3,0,4,38.0,22.0,20
2,1,1,3,0,6,45.0,23.0,20
1,2,1,3,0,691,1597.0,390.0,20
1,2,1,3,0,76,535.0,135.0,20
2,3,1,3,0,150,208.0,177.0,20
1,2,1,3,0,1638,6946.0,727.0,20
1,2,1,3,0,80,808.0,131.0,20
1,2,1,3,0,1048,2842.0,426.0,20
2,7,1,3,0,6,290.0,117.0,20
3,8,1,1,0,9686,6957.0,5278.0,20
2,7,1,3,0,15,99.0,49.0,20
2,7,1,3,0,156,1990.0,232.0,20
2,7,1,3,0,219,919.0,404.0,20
2,7,2,3,0,5,53.0,17.0,20
2,7,1,3,0,26,702.0,116.0,20
2,7,1,3,0,32,205.0,29.0,20
2,7,2,3,0,4,22.0,17.0,20
2,7,1,3,0,38,92.0,28.0,20
2,7,1,3,0,6,52.0,31.0,20
2,1,1,1,0,117,614.0,70.0,20
3,8,1,1,0,207,899.0,132.0,20
3,8,1,1,0,322,512.0,32.0,20
2,1,4,3,0,96,233.0,32.0,20
2,1,4,3,0,24,211.0,46.0,20
2,1,1,3,0,1,23.0,15.0,20
2,1,4,3,0,231,572.0,76.0,20
2,1,1,3,0,31,170.0,97.0,20
2,1,1,3,0,96,13.0,4.0,20
2,1,4,4,0,96,39.0,6.0,20
3,8,1,3,0,17,113.0,8.0,20
2,1,4,3,0,104,627.0,206.0,20
2,1,1,3,0,15,209.0,47.0,20
2,1,1,3,0,3,29.0,5.0,20
2,1,1,3,0,4,80.0,44.0,20
2,1,1,3,0,339,430.0,231.0,20
2,1,1,3,0,96,14.0,4.0,20
2,1,1,3,0,9,37.0,12.0,20
2,1,1,3,0,45,273.0,70.0,20
2,1,4,3,0,30,25.0,13.0,20
2,3,1,3,0,554,1672.0,1248.0,20
2,7,1,3,0,74,968.0,154.0,20
2,3,1,3,0,14,116.0,75.0,20
2,3,4,3,0,111,529.0,583.0,20
2,3,1,3,0,187,596.0,402.0,20
2,3,1,3,0,43,293.0,248.0,20
2,3,1,3,0,15,169.0,100.0,20
2,3,1,3,0,37,254.0,198.0,20
2,3,1,3,0,96,352.0,122.0,20
2,3,4,3,0,513,1628.0,1515.0,20
2,3,1,3,0,651,1418.0,558.0,20
2,3,1,3,0,14,56.0,48.0,20
2,3,1,4,0,88,555.0,210.0,20
2,7,1,3,0,3,9.0,10.0,20
2,7,1,3,0,39,496.0,189.0,20
2,7,1,3,0,24,307.0,255.0,20
2,7,1,3,0,33,403.0,95.0,20
2,7,1,3,0,4,24.0,16.0,20
2,7,1,3,0,5,78.0,28.0,20
2,3,1,3,0,41,340.0,533.0,20
2,7,1,3,0,1,31.0,16.0,20
2,3,1,3,0,23,363.0,147.0,20
2,3,1,3,0,127,1015.0,260.0,20
2,7,1,3,0,15,83.0,10.0,20
2,7,1,3,0,26,407.0,329.0,20
2,7,1,3,0,82,1068.0,124.0,20
2,3,1,3,0,20,164.0,87.0,20
2,7,1,3,0,803,891.0,386.0,20
2,3,1,3,0,231,1224.0,549.0,20
2,7,1,3,0,78,926.0,56.0,20
2,3,1,3,0,29,68.0,23.0,20
2,3,1,3,0,75,285.0,187.0,20
2,3,1,3,0,31,455.0,227.0,20
2,3,1,3,0,5,39.0,47.0,20
2,3,1,4,0,2,37.0,82.0,20
2,3,1,3,0,288,2459.0,587.0,20
2,7,1,3,0,610,5083.0,492.0,20
2,7,1,3,0,3,128.0,24.0,20
2,7,1,3,0,25,200.0,71.0,20
2,3,1,3,0,183,654.0,258.0,20
2,3,2,4,0,3,28.0,61.0,20
2,3,1,1,0,271,1554.0,375.0,20
2,3,4,3,0,308,1560.0,568.0,20
2,7,4,3,0,13,223.0,45.0,20
2,7,4,3,0,31,378.0,80.0,20
2,7,1,3,0,20,361.0,240.0,20
2,7,1,3,0,164,758.0,403.0,20
2,7,1,3,0,41,420.0,292.0,20
2,7,1,3,0,1230,6274.0,502.0,20
2,7,1,3,0,18,286.0,207.0,20
2,7,1,3,0,57,375.0,134.0,20
2,3,1,3,0,103,733.0,468.0,20
2,3,1,3,0,36,463.0,230.0,20
2,3,1,3,0,579,2805.0,374.0,20
2,3,1,3,0,53,433.0,204.0,20
2,3,1,3,0,39,270.0,182.0,20
2,3,1,3,0,57,451.0,146.0,20
2,3,4,3,0,56,509.0,297.0,20
3,4,1,3,0,47,107.0,87.0,20
2,3,4,3,0,71,833.0,339.0,20
2,7,1,3,0,28,791.0,58.0,20
2,7,1,3,0,15,254.0,49.0,20
2,7,4,3,0,154,1123.0,198.0,20
2,3,1,3,0,7,76.0,62.0,20
2,7,1,3,0,18,355.0,162.0,20
2,7,4,3,0,12,180.0,33.0,20
2,7,4,3,0,70,712.0,132.0,20
2,7,4,3,0,31,208.0,55.0,20
2,7,1,3,0,48,577.0,140.0,20
2,7,1,3,0,75,664.0,450.0,20
2,7,4,3,0,7,162.0,16.0,20
2,7,4,3,0,50,725.0,447.0,20
2,7,1,3,0,64,251.0,85.0,20
2,7,1,3,0,214,1757.0,262.0,20
2,7,1,3,0,78,772.0,518.0,20
2,7,1,3,0,180,1892.0,269.0,20
2,7,1,3,0,27,129.0,57.0,20
2,7,1,3,0,80,721.0,90.0,20
2,7,1,3,0,76,883.0,302.0,20
2,7,1,3,0,170,1485.0,143.0,20
2,7,1,3,0,8,30.0,30.0,20
2,3,1,3,0,1,89.0,77.0,20
1,2,1,1,0,3191,8908.0,585.0,20
1,9,1,3,0,1579,7170.0,326.0,20
1,9,1,3,0,2502,3784.0,153.0,20
1,9,1,3,0,3997,13299.0,273.0,20
1,9,1,4,0,14073,32698.0,633.0,20
1,9,4,3,0,96,2778.0,366.0,20
1,9,4,3,0,96,10333.0,479.0,20
1,9,1,3,0,9494,15965.0,1639.0,20
1,9,2,4,0,87643,70151.0,2035.0,20
1,6,1,3,0,3853,9058.0,751.0,20
3,4,2,4,0,382,789.0,18.0,20
3,4,1,4,0,10,19.0,9.0,20
2,7,1,3,0,371,1571.0,628.0,20
3,4,1,3,0,230,247.0,43.0,20
3,4,1,3,0,40,60.0,9.0,20
3,4,1,4,0,4,9.0,1.0,20
3,4,2,4,0,926,700.0,22.0,20
3,4,1,3,0,54,178.0,123.0,20
3,4,1,4,0,1474,1176.0,40.0,20
1,9,2,4,0,15792,34985.0,639.0,20
1,9,1,4,0,219688,100593.0,9300.0,20
3,4,1,1,0,47,220.0,32.0,20
3,4,1,3,0,2828,1537.0,612.0,20
3,4,1,1,0,2146,1436.0,361.0,20
3,4,1,2,0,32,66.0,42.0,20
3,4,1,1,0,31,91.0,4.0,20
3,4,4,4,0,96,62.0,4.0,20
1,9,1,3,0,3391,13551.0,315.0,20
1,9,2,3,0,50881,47190.0,1404.0,20
1,9,2,2,0,11571,8568.0,930.0,20
1,9,4,3,0,3725,8007.0,363.0,20
3,5,1,3,0,1747,4987.0,774.0,20
1,9,4,4,0,4,16486.0,644.0,20
1,9,2,2,0,3,36556.0,1002.0,20
2,3,1,3,0,16,211.0,123.0,20
1,9,1,1,0,4338,18160.0,906.0,20
1,9,2,4,0,23015,43279.0,981.0,20
1,9,2,2,0,3261,9590.0,445.0,20
3,4,1,4,0,36,83.0,2.0,20
3,4,1,2,0,40,42.0,13.0,20
3,4,1,3,0,10126,4068.0,1641.0,20
2,3,1,3,0,21,112.0,129.0,20
2,3,1,3,0,10,44.0,30.0,20
2,3,1,3,0,18,192.0,210.0,20
2,3,1,3,0,260,1042.0,768.0,20
2,3,1,3,0,11,60.0,70.0,20
2,7,1,3,0,12,79.0,54.0,20
2,3,1,3,0,56,184.0,224.0,20
2,3,1,3,0,9,50.0,39.0,20
2,7,1,3,0,9,117.0,67.0,20
2,7,1,3,0,24,508.0,32.0,20
2,7,1,3,0,5,15.0,4.0,20
2,7,1,3,0,4,62.0,24.0,20
2,7,3,3,0,2,58.0,26.0,20
2,7,1,3,0,15,220.0,27.0,20
3,4,2,4,0,790,1159.0,24.0,20
1,2,1,2,0,285,934.0,153.0,20
2,7,1,3,0,1222,4298.0,379.0,20
3,4,1,4,0,82,61.0,1.0,20
2,3,1,3,0,16,67.0,53.0,20
2,3,1,3,0,14,169.0,88.0,20
3,4,1,1,0,106,79.0,14.0,20
2,7,1,3,0,45,267.0,118.0,20
3,4,1,3,0,104,95.0,65.0,20
3,4,1,2,0,2778,1063.0,165.0,20
3,4,1,3,0,46,58.0,15.0,20
3,4,1,3,0,30,78.0,17.0,20
3,4,1,1,0,1878,2715.0,137.0,20
2,3,1,3,0,222,602.0,351.0,20
3,4,2,4,0,4277,4229.0,1255.0,20
3,4,2,4,0,2153,2679.0,58.0,20
3,4,1,4,0,276,667.0,50.0,20
2,7,1,3,0,32,557.0,207.0,20
2,7,1,1,0,90,957.0,105.0,20
3,4,2,4,0,88,156.0,4.0,20
2,3,1,3,0,25,174.0,88.0,20
2,3,1,3,0,59,371.0,292.0,20
3,4,2,4,0,3672,2958.0,53.0,20
3,4,1,3,0,42,85.0,7.0,20
2,7,1,3,0,13,154.0,26.0,20
3,4,1,3,0,570,688.0,122.0,20
2,3,1,1,0,269,1195.0,255.0,20
2,3,1,3,0,19,207.0,224.0,20
2,3,1,3,0,71,436.0,433.0,20
3,5,1,3,0,1791,4120.0,137.0,20
1,6,1,1,0,10654,13342.0,1807.0,20
1,6,1,1,0,1204,3585.0,530.0,20
1,6,1,1,0,21884,17028.0,4888.0,20
1,2,1,1,0,1132,6369.0,416.0,20
1,6,2,3,0,31723,25045.0,1514.0,20
1,6,2,3,0,12646,27507.0,1352.0,20
1,6,2,3,0,46081,55197.0,3296.0,20
3,5,1,1,0,32,138.0,58.0,20
3,5,1,1,0,6053,8949.0,5697.0,20
1,6,1,1,0,16922,47802.0,1880.0,20
3,5,1,2,0,2889,4174.0,925.0,20
3,5,1,3,0,104,572.0,166.0,20
1,6,2,4,0,18396,95902.0,3754.0,20
3,5,1,3,0,182,781.0,267.0,20
1,2,1,1,0,4135,4589.0,937.0,20
1,2,1,3,0,202,576.0,85.0,20
3,5,1,1,0,51,170.0,24.0,20
1,2,1,1,0,379,3120.0,253.0,20
3,8,1,3,0,266,1714.0,750.0,20
3,8,1,3,0,38,61.0,11.0,20
3,8,1,3,0,302,1004.0,432.0,20
3,8,1,4,0,25,75.0,11.0,20
3,8,1,1,0,29,59.0,30.0,20
1,2,1,3,0,363,1621.0,316.0,20
3,8,1,3,0,3,24.0,2.0,20
3,8,1,3,0,46,265.0,131.0,20
3,8,1,1,0,110,686.0,292.0,20
1,2,1,3,0,658,1929.0,390.0,20
1,2,1,3,0,278,1866.0,68.0,20
1,2,1,1,0,215,658.0,144.0,20
1,2,1,3,0,1082,2380.0,436.0,20
1,2,1,3,0,368,922.0,192.0,20
3,8,1,3,0,63,467.0,171.0,20
3,5,1,1,0,334,1303.0,55.0,20
3,8,1,3,0,25,82.0,5.0,20
3,5,1,2,0,3697,5811.0,206.0,20
1,6,1,3,0,2761,8235.0,401.0,20
1,6,2,4,0,10931,22315.0,1055.0,20
1,6,1,1,0,16599,22532.0,2444.0,20
1,6,1,3,0,3151,12665.0,1998.0,20
3,5,1,3,0,2382,4632.0,854.0,20
3,5,1,2,0,18054,17705.0,1487.0,20
3,5,1,1,0,130,271.0,27.0,20
1,6,2,3,0,31014,39723.0,1729.0,20
3,4,1,4,0,12,18.0,2.0,20
1,9,1,3,0,4781,15389.0,258.0,20
1,9,1,3,0,11222,17141.0,874.0,20
3,4,1,3,0,25,68.0,7.0,20
3,4,1,3,0,234,1191.0,51.0,20
3,4,1,4,0,16,22.0,2.0,20
3,4,1,4,0,636,522.0,23.0,20
3,4,1,4,0,180,916.0,17.0,20
1,9,1,3,0,2616,7933.0,583.0,20
1,6,2,3,0,41515,67257.0,1264.0,20
3,5,1,1,0,71,180.0,58.0,20
1,6,4,1,0,347294,293333.0,32419.0,20
3,5,1,3,0,1279,3339.0,420.0,20
3,5,1,3,0,106,769.0,294.0,20
1,6,4,3,0,27749,39224.0,1809.0,20
1,6,2,4,0,1,15305.0,322.0,20
3,4,1,2,0,559,534.0,31.0,20
1,6,2,3,0,15848,41328.0,1377.0,20
1,6,1,3,0,3258,6824.0,1025.0,20
1,6,1,1,0,17046,22454.0,1405.0,20
1,6,1,1,0,3813,12549.0,1461.0,20
1,6,1,3,0,14910,42850.0,1685.0,20
1,6,1,3,0,13850,33796.0,876.0,20
1,6,2,3,0,4176,11674.0,530.0,20
1,6,1,1,0,13073,26222.0,1395.0,20
1,6,1,3,0,10477,11281.0,673.0,20
1,6,1,3,0,8261,32737.0,2821.0,20
1,6,2,4,0,8188,14892.0,661.0,20
1,6,4,4,0,5,22551.0,917.0,20
2,3,1,3,0,734,2447.0,399.0,21
2,3,1,3,0,36,283.0,95.0,21
2,3,1,3,0,615,2711.0,704.0,21
2,3,1,3,0,9,79.0,46.0,21
2,3,1,3,0,57,326.0,247.0,21
2,3,1,3,0,153,505.0,415.0,21
2,3,1,3,0,91,661.0,290.0,21
2,3,1,3,0,15,85.0,60.0,21
2,3,1,3,0,6,136.0,105.0,21
2,3,1,3,0,43,352.0,271.0,21
2,3,1,3,0,67,525.0,386.0,21
2,3,1,4,0,79,608.0,1255.0,21
2,3,1,3,0,52,220.0,200.0,21
2,3,1,3,0,206,1860.0,656.0,21
2,3,1,3,0,53,211.0,191.0,21
2,3,4,3,0,148,691.0,1333.0,21
2,3,1,3,0,115,775.0,544.0,21
2,3,1,3,0,5,37.0,35.0,21
2,3,1,3,0,79,604.0,256.0,21
2,3,1,3,0,217,2790.0,349.0,21
2,3,1,3,0,537,1723.0,440.0,21
2,3,1,3,0,152,431.0,276.0,21
2,3,1,3,0,53,299.0,262.0,21
2,3,1,3,0,18,100.0,122.0,21
2,3,1,3,0,87,459.0,132.0,21
2,3,4,3,0,56,386.0,293.0,21
2,3,1,3,0,209,2033.0,500.0,21
2,3,1,3,0,21,307.0,218.0,21
2,3,1,3,0,31,377.0,103.0,21
2,3,1,3,0,100,397.0,269.0,21
2,3,4,3,0,91,430.0,375.0,21
2,3,4,3,0,96,475.0,252.0,21
2,3,1,3,0,11,83.0,37.0,21
2,3,1,3,0,27,620.0,236.0,21
2,3,1,3,0,279,2409.0,537.0,21
1,9,4,3,0,96,1840.0,31.0,21
3,4,1,3,0,56,86.0,51.0,21
3,4,1,2,0,707,725.0,39.0,21
3,5,1,3,0,3304,3561.0,1443.0,21
3,5,1,2,0,1474,2551.0,538.0,21
3,5,1,3,0,319,929.0,84.0,21
3,5,1,2,0,192,578.0,114.0,21
3,5,1,3,0,1048,2905.0,310.0,21
3,5,1,1,0,1346,2245.0,803.0,21
3,5,1,2,0,1581,2342.0,101.0,21
3,5,1,3,0,4058,4494.0,449.0,21
2,7,1,3,0,9,93.0,47.0,21
3,8,1,2,0,272,745.0,19.0,21
3,4,4,4,0,96,87.0,0.0,21
3,4,1,2,0,225,326.0,32.0,21
2,3,1,3,0,127,167.0,81.0,21
3,4,1,4,0,82,67.0,6.0,21
3,4,1,2,0,858,496.0,50.0,21
3,5,1,1,0,137,265.0,37.0,21
2,7,1,3,0,26,304.0,132.0,21
2,7,1,3,0,52,427.0,266.0,21
2,7,1,3,0,76,713.0,148.0,21
2,7,1,3,0,82,1607.0,101.0,21
2,7,1,3,0,1,81.0,30.0,21
2,7,1,3,0,33,396.0,197.0,21
2,7,1,3,0,283,3388.0,326.0,21
2,7,1,3,0,1163,1785.0,552.0,21
2,7,1,3,0,27,553.0,140.0,21
2,7,1,3,0,1,14.0,18.0,21
3,8,1,1,0,1932,7824.0,235.0,21
2,7,1,3,0,4,41.0,26.0,21
2,7,1,3,0,10,125.0,34.0,21
2,7,1,3,0,25,270.0,82.0,21
2,7,1,3,0,71,583.0,304.0,21
2,7,1,3,0,110,1172.0,782.0,21
2,7,1,3,0,300,1341.0,190.0,21
2,7,1,3,0,13,394.0,373.0,21
2,7,1,3,0,79,671.0,433.0,21
2,7,1,3,0,3,19.0,6.0,21
2,3,1,3,0,9,46.0,34.0,21
2,3,1,3,0,64,250.0,140.0,21
2,3,1,3,0,75,819.0,760.0,21
2,3,1,3,0,21,464.0,188.0,21
2,3,1,3,0,13,57.0,45.0,21
1,2,1,3,0,390,1449.0,273.0,21
1,2,1,3,0,91,410.0,54.0,21
1,2,1,3,0,96,3012.0,130.0,21
1,2,1,1,0,96,1952.0,162.0,21
1,2,1,3,0,2957,4918.0,357.0,21
1,2,1,3,0,9243,8634.0,881.0,21
1,2,1,3,0,1005,1989.0,711.0,21
1,2,1,1,0,128,795.0,126.0,21
1,2,1,3,0,218,748.0,154.0,21
1,2,1,3,0,671,2264.0,1030.0,21
1,2,1,4,0,493,1404.0,167.0,21
2,1,1,3,0,61,196.0,73.0,21
1,2,1,3,0,255,1329.0,79.0,21
1,9,2,4,0,22469,26866.0,571.0,21
1,9,1,3,0,1261,4013.0,200.0,21
1,9,2,2,0,21673,19682.0,329.0,21
1,9,4,1,0,96,6931.0,474.0,21
1,9,4,4,0,96,3741.0,307.0,21
3,4,1,3,0,56,273.0,310.0,21
1,9,4,4,0,96,1192.0,62.0,21
1,9,1,3,0,1290,2672.0,165.0,21
1,9,2,4,0,67482,57873.0,1100.0,21
1,9,4,3,0,96,545.5,131.5,21
1,9,1,3,0,6195,20340.0,528.0,21
1,2,1,3,0,148,925.0,32.0,21
1,9,1,3,0,1238,2797.0,448.0,21
1,9,4,3,0,1192,2412.0,418.0,21
1,9,1,3,0,1688,6210.0,852.0,21
1,9,1,3,0,1646,5560.0,267.0,21
1,9,4,4,0,1,11240.0,947.0,21
1,9,4,3,0,2573,5701.0,133.0,21
1,9,1,3,0,15116,20307.0,983.0,21
1,9,1,3,0,13322,13614.0,1274.0,21
1,9,2,3,0,3484,14023.0,236.0,21
1,9,2,4,0,5947,15816.0,580.0,21
1,2,1,1,0,258,1104.0,191.0,21
1,2,1,3,0,12,71.0,1.0,21
2,1,4,3,0,17,74.0,22.0,21
2,1,1,3,0,7,35.0,7.0,21
2,1,1,3,0,11,147.0,47.0,21
2,1,1,3,0,32,557.0,143.0,21
2,1,4,4,0,3,20.0,0.0,21
2,1,1,3,0,1,9.0,11.0,21
2,1,4,3,0,8,52.0,10.0,21
2,3,1,3,0,63,313.0,138.0,21
2,3,1,3,0,7,93.0,80.0,21
2,3,4,4,0,945,4207.0,327.0,21
2,3,1,3,0,8,51.0,36.0,21
2,3,1,3,0,33,273.0,203.0,21
2,3,1,3,0,35,463.0,243.0,21
2,3,4,3,0,218,749.0,713.0,21
2,3,1,3,0,187,2369.0,477.0,21
2,1,1,3,0,4,27.0,12.0,21
2,1,4,3,0,27,345.0,85.0,21
2,1,1,3,0,12,144.0,102.0,21
2,1,1,1,0,35,344.0,48.0,21
2,3,1,3,0,17,88.0,56.0,21
2,3,1,3,0,46,259.0,126.0,21
2,3,1,3,0,53,374.0,138.0,21
1,2,1,1,0,667,1095.0,113.0,21
2,1,1,3,0,8,31.0,7.0,21
2,3,1,3,0,27,177.0,98.0,21
2,1,3,3,0,2,5.0,2.0,21
1,2,1,3,0,1742,3394.0,431.0,21
2,1,4,4,0,96,63.0,1.0,21
2,1,4,4,0,72,137.0,76.0,21
2,1,1,3,0,7,63.0,27.0,21
2,1,4,3,0,246,704.0,386.0,21
2,1,1,3,0,3,98.0,36.0,21
2,1,1,3,0,119,415.0,102.0,21
2,1,1,3,0,4,52.0,18.0,21
2,1,4,3,0,3,47.0,17.0,21
2,1,1,3,0,42,68.0,48.0,21
3,4,1,2,0,186,164.0,51.0,21
3,4,2,4,0,307,420.0,12.0,21
3,4,1,3,0,44,126.0,96.0,21
3,8,1,3,0,7803,6281.0,723.0,21
3,8,1,2,0,781,1273.0,89.0,21
3,8,1,1,0,341,1360.0,350.0,21
3,8,1,3,0,10,82.0,7.0,21
3,8,1,3,0,843,1408.0,436.0,21
3,8,1,1,0,77,178.0,18.0,21
3,8,1,3,0,30,315.0,2.0,21
3,4,1,4,0,12,12.0,2.0,21
3,8,1,3,0,140,234.0,102.0,21
3,8,1,1,0,326,852.0,240.0,21
3,8,1,3,0,1248,2246.0,754.0,21
3,8,1,3,0,41,321.0,15.0,21
3,8,1,3,0,30,57.0,5.0,21
3,8,1,3,0,32,65.0,22.0,21
3,8,1,3,0,18,171.0,15.0,21
3,8,1,3,0,359,3862.0,211.0,21
3,8,1,3,0,1799,6845.0,2463.0,21
3,8,1,3,0,53,181.0,50.0,21
3,8,1,1,0,516,1501.0,112.0,21
2,7,1,3,0,1,22.0,10.0,21
2,7,1,3,0,16,230.0,57.0,21
2,7,1,3,0,5,96.0,43.0,21
2,7,1,3,0,1,32.0,4.0,21
2,7,1,3,0,103,158.0,21.0,21
3,4,1,1,0,72,85.0,5.0,21
1,6,1,3,0,7987,20107.0,1496.0,21
3,4,1,4,0,52,206.0,7.0,21
3,8,1,1,0,1304,8094.0,1012.0,21
3,8,1,1,0,4817,5182.0,1982.0,21
3,8,1,3,0,1509,1612.0,711.0,21
3,8,1,2,0,1058,1430.0,691.0,21
3,8,1,1,0,337,1110.0,32.0,21
3,8,1,2,0,388,2374.0,56.0,21
3,8,1,3,0,12,28.0,12.0,21
3,8,1,3,0,59,480.0,4.0,21
3,8,1,3,0,2872,6876.0,4825.0,21
3,8,1,1,0,1292,1969.0,586.0,21
3,8,1,1,0,3100,3549.0,1165.0,21
3,4,1,3,0,32,16.0,10.0,21
3,4,1,1,0,4,31.0,27.0,21
3,4,1,1,0,362,452.0,260.0,21
2,7,4,3,0,7,69.0,24.0,21
2,7,4,3,0,32,844.0,115.0,21
2,7,1,3,0,30,174.0,49.0,21
3,8,1,3,0,32,164.0,54.0,21
2,7,1,3,0,18,69.0,19.0,21
2,7,1,3,0,31,237.0,138.0,21
2,7,1,3,0,1,13.0,13.0,21
2,7,1,3,0,46,340.0,46.0,21
2,7,4,3,0,133,296.0,139.0,21
3,4,1,3,0,160,561.0,43.0,21
2,7,1,3,0,43,413.0,156.0,21
2,7,1,3,0,6,55.0,18.0,21
3,4,2,4,0,256,443.0,16.0,21
3,4,2,4,0,292,300.0,4.0,21
3,4,2,4,0,320,540.0,30.0,21
3,4,2,4,0,737,1063.0,23.0,21
3,8,1,3,0,207,325.0,156.0,21
3,8,1,1,0,62,577.0,16.0,21
3,8,1,1,0,147,488.0,134.0,21
3,8,1,1,0,83,1069.0,63.0,21
3,8,1,3,0,183,344.0,94.0,21
2,7,1,3,0,30,236.0,53.0,21
2,7,4,3,0,22,185.0,40.0,21
2,7,1,3,0,1,18.0,17.0,21
2,7,1,3,0,423,4139.0,195.0,21
2,7,4,3,0,7,33.0,7.0,21
2,7,1,3,0,8,80.0,48.0,21
2,7,1,3,0,31,122.0,26.0,21
2,7,1,3,0,169,751.0,229.0,21
2,7,1,3,0,108,814.0,268.0,21
2,7,1,3,0,11,83.0,27.0,21
3,4,2,4,0,745,769.0,28.0,21
3,8,1,3,0,26,94.0,6.0,21
2,7,1,3,0,4,17.0,8.0,21
2,7,1,3,0,1,14.0,13.0,21
2,7,4,3,0,280,2167.0,1130.0,21
3,4,1,2,0,2778,1063.0,165.0,21
3,5,1,3,0,130,531.0,73.0,21
3,5,1,3,0,5138,4696.0,3237.0,21
3,5,1,3,0,502,934.0,134.0,21
2,7,1,3,0,82,219.0,93.0,21
2,7,1,3,0,8,226.0,61.0,21
2,7,1,3,0,15,106.0,46.0,21
2,7,1,3,0,137,1585.0,242.0,21
2,7,1,3,0,246,1472.0,197.0,21
2,7,1,3,0,11,68.0,20.0,21
2,7,1,3,0,13,47.0,13.0,21
2,7,1,3,0,26,370.0,71.0,21
2,7,1,3,0,65,149.0,44.0,21
1,6,2,3,0,21621,34445.0,2166.0,21
1,6,4,4,0,1088995,456458.0,159047.0,21
3,4,1,1,0,39,114.0,21.0,21
1,6,4,3,0,25546,17971.0,2173.0,21
3,4,1,2,0,509,512.0,182.0,21
3,4,1,3,0,235,257.0,51.0,21
2,7,1,3,0,607,2268.0,944.0,21
3,4,2,4,0,837,1176.0,44.0,21
3,4,2,4,0,569,811.0,31.0,21
3,4,2,4,0,370,580.0,22.0,21
3,4,1,1,0,184,343.0,87.0,21
3,4,1,3,0,40,134.0,45.0,21
3,4,1,4,0,96,177.0,41.0,21
3,4,1,3,0,96,123.0,16.0,21
3,4,1,3,0,134,425.0,17.0,21
3,4,1,3,0,86,526.0,19.0,21
3,4,1,4,0,149,318.0,337.0,21
3,4,1,1,0,110,213.0,13.0,21
3,4,1,4,0,296,503.0,17.0,21
3,4,1,3,0,188,356.0,30.0,21
3,4,1,3,0,46,58.0,15.0,21
3,4,1,1,0,98,124.0,26.0,21
1,6,1,3,0,3951,7111.0,1621.0,21
3,4,2,4,0,450,594.0,27.0,21
1,6,2,4,0,1,24487.0,655.0,21
3,5,1,3,0,93,316.0,165.0,21
2,7,1,3,0,71,798.0,380.0,21
2,7,1,3,0,23,142.0,51.0,21
2,7,1,3,0,22,472.0,230.0,21
2,7,4,3,0,219,727.0,362.0,21
2,7,1,3,0,3,31.0,18.0,21
2,7,1,3,0,46,475.0,127.0,21
2,7,1,3,0,28,462.0,56.0,21
2,7,1,3,0,522,1920.0,890.0,21
2,7,1,3,0,52,434.0,223.0,21
2,7,1,3,0,3,44.0,10.0,21
2,7,1,3,0,40,320.0,155.0,21
2,7,4,3,0,87,1066.0,570.0,21
2,7,1,3,0,33,312.0,151.0,21
1,6,1,3,0,6914,22360.0,1058.0,21
3,5,1,1,0,6271,16334.0,480.0,21
3,5,1,2,0,2492,3661.0,244.0,21
2,7,4,3,0,16,193.0,98.0,21
2,7,1,3,0,12,356.0,45.0,21
1,6,4,4,0,36725,79872.0,2777.0,21
1,6,1,3,0,3702,10348.0,2011.0,21
1,6,4,4,0,179960,109754.0,12919.0,21
1,6,1,3,0,32013,52975.0,1910.0,21
1,6,2,4,0,96,17610.0,545.0,21
3,5,1,2,0,143,525.0,115.0,21
1,6,4,1,0,119516,54316.0,6523.0,21
1,6,1,3,0,1086,2862.0,117.0,21
1,6,2,4,0,36493,49186.0,2478.0,21
1,6,1,3,0,9560,12587.0,1850.0,21
1,6,1,1,0,2527,5184.0,608.0,21
1,6,1,3,0,10456,36030.0,1205.0,21
1,6,1,3,0,297,1374.0,390.0,21
2,7,1,3,0,23,91.0,20.0,21
2,7,1,3,0,2,14.0,4.0,21
3,5,1,3,0,7234,21249.0,692.0,21
1,6,1,3,0,15352,22424.0,1092.0,21
1,2,1,2,0,3063,3971.0,1006.0,22
1,2,1,3,0,569,2151.0,584.0,22
1,2,1,3,0,136,609.0,30.0,22
1,2,1,3,0,72,542.0,18.0,22
1,2,1,4,0,205,2197.0,98.0,22
1,2,1,1,0,1222,2516.0,676.0,22
3,4,2,1,0,593,732.0,20.0,22
1,2,2,4,0,3532,6784.0,318.0,22
1,2,1,1,0,96,1265.0,577.0,22
3,4,1,1,0,3490,1991.0,426.0,22
3,4,1,3,0,858,496.0,50.0,22
1,9,2,4,0,10337,37123.0,637.0,22
1,9,2,4,0,15908,39862.0,1034.0,22
1,2,1,3,0,540,1632.0,705.0,22
1,2,1,1,0,1150,3348.0,710.0,22
3,8,1,1,0,21613,28079.0,6711.0,22
1,2,2,4,0,14529,12385.0,666.0,22
3,4,2,4,0,55,135.0,10.0,22
3,8,1,1,0,1149,2968.0,120.0,22
3,8,1,3,0,239,1042.0,26.0,22
3,8,1,1,0,9005,7885.0,913.0,22
3,8,1,3,0,155,255.0,65.0,22
3,8,1,1,0,1865,2236.0,252.0,22
3,8,1,3,0,8,50.0,5.0,22
3,8,1,3,0,37,164.0,96.0,22
3,8,1,3,0,682,4609.0,103.0,22
3,8,1,1,0,101,579.0,343.0,22
3,8,1,3,0,42,373.0,18.0,22
3,8,1,3,0,41,215.0,18.0,22
2,7,1,3,0,7,42.0,30.0,22
2,7,1,3,0,17,285.0,106.0,22
2,7,1,3,0,43,241.0,135.0,22
1,2,1,3,0,873,4521.0,120.0,22
3,8,1,3,0,2337,7482.0,194.0,22
1,9,2,4,0,95465,68498.0,3032.0,22
3,4,2,2,0,980,1509.0,59.0,22
1,9,2,4,0,928,4225.0,197.0,22
1,9,2,3,0,13311,41808.0,567.0,22
1,9,1,3,0,4371,9255.0,537.0,22
1,2,1,2,0,96,1397.0,708.0,22
1,2,1,3,0,1005,1856.0,290.0,22
1,2,1,3,0,331,1011.0,208.0,22
1,2,1,3,0,156,1706.0,28.0,22
1,2,1,1,0,709,2951.0,82.0,22
3,4,1,3,0,52,62.0,16.0,22
3,4,1,1,0,22840,5967.0,3298.0,22
1,6,1,1,0,5881,9508.0,1025.0,22
2,3,1,3,0,6,48.0,88.0,22
2,3,1,3,0,26,66.0,80.0,22
2,3,1,3,0,29,171.0,72.0,22
3,8,1,1,0,365,502.0,109.0,22
1,9,4,1,0,24522,23284.0,985.0,22
3,4,1,1,0,494,726.0,61.0,22
1,9,1,3,0,11754,32468.0,2584.0,22
1,9,1,1,0,3582,7945.0,629.0,22
3,4,1,3,0,30,61.0,3.0,22
3,4,1,1,0,92,108.0,41.0,22
3,4,1,4,0,402,337.0,15.0,22
1,2,1,3,0,270,1465.0,103.0,22
1,2,1,1,0,1281,3973.0,547.0,22
1,2,1,3,0,167,832.0,45.0,22
1,2,1,1,0,1475,4451.0,511.0,22
2,7,1,3,0,2795,4539.0,851.0,22
2,7,1,3,0,15,149.0,98.0,22
2,7,1,3,0,74,267.0,43.0,22
2,7,1,3,0,9,87.0,37.0,22
2,7,1,3,0,162,878.0,477.0,22
2,7,1,3,0,112,1348.0,101.0,22
2,7,1,3,0,7,61.0,28.0,22
2,7,1,3,0,154,516.0,148.0,22
1,9,1,1,0,9664,8836.0,507.0,22
3,8,1,3,0,1387,1851.0,313.0,22
2,1,1,3,0,48,194.0,75.0,22
3,8,1,4,0,1456,8539.0,1353.0,22
3,5,1,1,0,349,622.0,311.0,22
3,5,1,1,0,151,652.0,201.0,22
3,5,1,2,0,1670,2359.0,870.0,22
2,3,1,3,0,315,1499.0,361.0,22
3,8,1,1,0,54,140.0,18.0,22
3,8,1,1,0,27,384.0,12.0,22
3,5,1,1,0,5817,5148.0,186.0,22
2,1,1,3,0,28,84.0,27.0,22
3,8,1,2,0,12696,31112.0,1932.0,22
2,1,1,3,0,13,115.0,44.0,22
2,1,1,3,0,6,56.0,10.0,22
2,1,1,3,0,7,181.0,28.0,22
2,1,1,3,0,13,50.0,25.0,22
2,1,1,3,0,2,63.0,16.0,22
3,8,1,1,0,636,1375.0,622.0,22
3,5,1,1,0,215,988.0,67.0,22
3,5,1,1,0,1136,1716.0,441.0,22
3,5,1,3,0,876,2476.0,111.0,22
2,3,1,3,0,16,73.0,62.0,22
2,7,1,3,0,82,760.0,141.0,22
2,7,1,3,0,30,264.0,133.0,22
2,7,1,3,0,21,335.0,49.0,22
2,7,1,3,0,352,911.0,262.0,22
2,7,1,3,0,168,916.0,261.0,22
2,7,1,3,0,18,324.0,56.0,22
3,5,1,3,0,1121,6404.0,129.0,22
3,5,1,1,0,1760,5415.0,618.0,22
3,5,1,3,0,20,336.0,10.0,22
3,5,1,2,0,317,1011.0,384.0,22
3,5,1,2,0,2590,4088.0,351.0,22
3,5,1,2,0,1372,3258.0,3183.0,22
3,5,1,2,0,1147,2340.0,696.0,22
3,5,1,3,0,304,1204.0,37.0,22
2,1,1,3,0,3,16.0,4.0,22
3,8,1,1,0,521,3296.0,118.0,22
2,1,4,3,0,38,187.0,105.0,22
2,1,4,3,0,92,507.0,17.0,22
3,8,1,1,0,1565,3059.0,178.0,22
3,8,1,3,0,66,636.0,391.0,22
3,8,1,3,0,62,237.0,13.0,22
3,8,1,1,0,693,1606.0,2109.0,22
3,8,1,3,0,1041,2843.0,73.0,22
3,8,1,1,0,2590,3037.0,481.0,22
3,8,1,3,0,494,1223.0,2484.0,22
2,7,1,3,0,3,80.0,22.0,22
3,8,1,1,0,854,4109.0,76.0,22
3,8,1,3,0,91,506.0,152.0,22
3,8,1,1,0,3216,7163.0,1066.0,22
3,8,1,3,0,241,2152.0,36.0,22
3,8,1,3,0,734,3503.0,118.0,22
3,8,1,1,0,465,3996.0,109.0,22
3,8,1,2,0,194,1045.0,116.0,22
3,4,1,2,0,127,401.0,114.0,22
3,4,4,4,0,38,220.0,176.0,22
3,4,4,4,0,96,169.0,19.0,22
2,1,1,3,0,5,55.0,24.0,22
2,1,4,3,0,96,10.0,1.0,22
2,1,1,3,0,18,46.0,21.0,22
3,8,1,1,0,95,324.0,55.0,22
2,1,4,3,0,138,277.0,225.0,22
2,1,4,3,0,96,128.0,5.0,22
2,1,4,3,0,8,19.0,18.0,22
2,1,4,4,0,38,138.0,32.0,22
2,1,1,3,0,9,111.0,30.0,22
2,1,1,3,0,6,76.0,65.0,22
2,1,1,3,0,9,52.0,17.0,22
1,9,2,4,0,34574,42314.0,1792.0,22
1,9,1,3,0,642,2593.0,247.0,22
1,9,1,3,0,2371,6918.0,415.0,22
1,9,2,4,0,17024,55468.0,907.0,22
2,1,1,3,0,7,58.0,3.0,22
2,3,1,3,0,128,392.0,96.0,22
3,8,1,3,0,13,107.0,7.0,22
2,3,1,3,0,39,143.0,103.0,22
2,3,1,3,0,1447,2251.0,1183.0,22
2,7,1,3,0,12,54.0,17.0,22
2,3,1,3,0,56,371.0,200.0,22
1,6,1,3,0,6867,14239.0,6245.0,22
2,3,4,3,0,74,703.0,976.0,22
2,3,1,3,0,26,152.0,203.0,22
2,7,1,3,0,4,84.0,64.0,22
2,3,1,3,0,14,136.0,59.0,22
2,3,1,3,0,14,111.0,174.0,22
2,3,4,3,0,185,1039.0,756.0,22
2,3,1,3,0,23,80.0,110.0,22
2,3,1,3,0,13,114.0,194.0,22
1,6,1,3,0,5641,16020.0,1577.0,22
1,6,2,4,0,27049,47469.0,1594.0,22
2,3,1,3,0,129,764.0,403.0,22
2,7,1,3,0,285,2361.0,256.0,22
2,7,1,3,0,6,56.0,43.0,22
2,7,1,3,0,4,36.0,34.0,22
2,7,1,3,0,1295,2700.0,431.0,22
2,7,1,3,0,20,126.0,12.0,22
2,7,1,3,0,77,514.0,146.0,22
2,7,1,3,0,5,31.0,21.0,22
2,3,4,3,0,271,1234.0,387.0,22
2,7,1,3,0,91,503.0,251.0,22
2,7,1,3,0,32,249.0,182.0,22
2,7,1,3,0,21,171.0,29.0,22
2,7,1,3,0,15,263.0,22.0,22
2,7,1,3,0,17,39.0,12.0,22
2,7,1,3,0,7,159.0,191.0,22
2,7,1,3,0,36,307.0,89.0,22
2,7,1,3,0,67,637.0,505.0,22
2,7,1,3,0,340,1109.0,219.0,22
2,7,1,3,0,294,860.0,369.0,22
1,6,1,1,0,11036,19289.0,2073.0,22
2,7,1,3,0,7,65.0,34.0,22
2,3,4,3,0,143,1599.0,1732.0,22
1,6,1,2,0,2343,5113.0,314.0,22
2,3,1,3,0,19,219.0,144.0,22
2,3,1,3,0,21,56.0,59.0,22
2,3,1,3,0,21,452.0,372.0,22
3,4,1,3,0,1944,1425.0,359.0,22
2,3,1,3,0,32,87.0,51.0,22
2,3,1,3,0,25,206.0,103.0,22
2,3,1,3,0,215,558.0,250.0,22
2,3,1,3,0,15,77.0,59.0,22
2,3,1,3,0,17,100.0,74.0,22
2,3,1,3,0,218,1016.0,411.0,22
2,3,1,3,0,7,41.0,18.0,22
2,3,1,3,0,7,52.0,65.0,22
2,3,1,3,0,109,564.0,396.0,22
2,3,1,3,0,24,238.0,88.0,22
2,3,4,3,0,31,139.0,58.0,22
2,3,1,3,0,21,237.0,160.0,22
2,3,1,3,0,7,50.0,21.0,22
2,3,1,3,0,24,286.0,177.0,22
1,6,4,3,0,18741,32752.0,1215.0,22
1,6,4,3,0,17773,13383.0,816.0,22
1,6,1,3,0,1593,8828.0,1702.0,22
1,6,4,1,0,874,1584.0,625.0,22
1,6,1,3,0,5217,18535.0,859.0,22
1,6,4,1,0,9854,18236.0,578.0,22
1,6,1,3,0,7997,14276.0,1564.0,22
1,6,4,3,0,70418,48704.0,2549.0,22
2,3,1,3,0,25,231.0,178.0,22
1,6,2,2,0,1,17525.0,441.0,22
2,3,1,3,0,17,98.0,160.0,22
2,3,1,3,0,6,50.0,55.0,22
2,3,1,3,0,107,700.0,194.0,22
2,3,1,3,0,79,985.0,430.0,22
2,3,1,3,0,88,799.0,344.0,22
1,6,2,4,0,96,24748.0,1071.0,22
2,7,1,3,0,17,80.0,38.0,22
2,3,1,3,0,21,123.0,82.0,22
2,7,1,3,0,19,261.0,135.0,22
3,4,1,1,0,243,513.0,74.0,22
3,4,1,4,0,32,14.0,3.0,22
3,4,1,2,0,32,121.0,34.0,22
3,4,1,1,0,108,444.0,523.0,22
3,4,1,3,0,92,226.0,43.0,22
3,4,1,3,0,2,21.0,14.0,22
2,7,1,3,0,22,223.0,201.0,22
3,4,2,3,0,44,167.0,6.0,22
3,4,2,1,0,17586,5662.0,628.0,22
3,4,1,4,0,417,1598.0,288.0,22
3,4,2,4,0,431,499.0,18.0,22
3,4,1,1,0,4,115.0,13.0,22
3,4,1,1,0,3657,3249.0,143.0,22
3,4,1,3,0,386,1128.0,63.0,22
3,4,1,3,0,4,30.0,13.0,22
3,4,1,3,0,32,62.0,4.0,22
3,4,1,3,0,52,111.0,14.0,22
2,3,1,3,0,10,77.0,64.0,22
2,3,2,3,0,8,50.0,21.0,22
2,3,1,3,0,8,529.0,196.0,22
2,3,2,4,0,6,47.0,52.0,22
2,3,1,3,0,99,413.0,194.0,22
2,3,1,3,0,27,426.0,108.0,22
3,4,1,3,0,8,39.0,61.0,22
2,3,1,3,0,133,802.0,541.0,22
2,3,1,3,0,20,181.0,182.0,22
2,3,1,3,0,55,353.0,171.0,22
2,3,1,3,0,619,3588.0,187.0,22
2,3,1,3,0,25,121.0,111.0,22
2,3,1,3,0,136,685.0,208.0,22
2,3,1,3,0,11,140.0,150.0,22
2,3,1,3,0,6,45.0,30.0,22
2,3,1,3,1,110,513.0,191.0,22
3,4,1,2,0,3021,1962.0,346.0,22
3,4,1,3,0,70,425.0,17.0,22
3,4,1,3,0,13,59.0,7.0,22
3,4,1,1,0,967,3367.0,230.0,22
2,3,1,3,0,12,82.0,53.0,22
2,7,1,3,0,325,1311.0,638.0,22
2,7,1,3,0,120,1917.0,201.0,22
1,6,1,3,0,2106,8601.0,262.0,22
2,7,1,3,0,9,45.0,27.0,22
2,7,1,3,0,4,13.0,2.0,22
2,7,1,3,0,37,147.0,122.0,22
2,3,1,3,0,38,171.0,72.0,22
2,7,1,3,0,11,75.0,52.0,22
2,3,1,3,0,65,225.0,168.0,22
2,3,1,3,0,19,93.0,48.0,22
2,7,1,3,0,26,170.0,81.0,22
2,7,1,3,0,29,465.0,41.0,22
3,4,1,2,0,481,677.0,146.0,22
2,7,1,3,0,96,59.0,22.0,22
2,7,1,3,0,96,14.0,5.0,22
2,7,1,3,0,80,256.0,79.0,22
2,7,1,3,0,26,222.0,38.0,22
2,7,1,3,0,35,283.0,35.0,22
3,4,1,3,0,10,59.0,1.0,22
3,4,1,3,0,19,82.0,6.0,22
3,4,1,2,0,186,164.0,51.0,22
1,6,1,3,0,2005,10452.0,609.0,22
2,7,1,3,0,18,249.0,42.0,22
1,6,1,3,0,899,5320.0,405.0,22
2,7,4,4,0,15,181.0,70.0,22
3,4,1,3,0,134,381.0,22.0,22
2,7,1,3,0,24,601.0,87.0,22
2,7,1,3,0,84,573.0,460.0,22
2,7,1,3,0,105,616.0,384.0,22
2,7,1,3,0,358,941.0,505.0,22
2,7,1,3,0,2,36.0,2.0,22
2,7,1,3,0,48,1078.0,67.0,22
2,7,1,3,0,14,192.0,92.0,22
2,3,1,3,0,57,205.0,89.0,23
2,3,1,3,0,5,83.0,81.0,23
2,3,4,3,0,46,186.0,26.0,23
2,3,1,3,0,14,197.0,111.0,23
2,3,1,3,0,23,60.0,50.0,23
1,6,1,3,0,1125,2323.0,407.0,23
1,6,4,4,0,302005,171544.0,13657.0,23
3,5,1,2,0,1175,1568.0,242.0,23
1,6,1,2,0,11931,39770.0,2897.0,23
3,5,1,4,0,29,159.0,65.0,23
3,5,1,3,0,120,492.0,214.0,23
3,5,1,2,0,3925,15781.0,297.0,23
3,5,3,1,0,3,47.0,7.0,23
2,3,1,3,0,309,2061.0,861.0,23
2,3,1,3,0,79,435.0,409.0,23
2,3,1,3,0,267,3169.0,451.0,23
1,6,2,4,0,96,12385.0,620.0,23
1,6,2,4,0,20383,29170.0,1085.0,23
2,3,1,3,0,206,1879.0,499.0,23
2,3,1,3,0,19,141.0,45.0,23
2,3,1,3,0,53,520.0,167.0,23
1,6,2,4,0,18056,37849.0,861.0,23
2,3,1,3,0,12,75.0,44.0,23
2,3,3,3,0,4,95.0,103.0,23
1,6,4,3,0,96,15882.0,980.0,23
2,3,1,3,0,53,268.0,83.0,23
1,6,2,4,0,13587,20665.0,528.0,23
1,6,2,4,0,25452,40765.0,2200.0,23
1,6,2,2,0,22075,34622.0,2527.0,23
1,6,2,3,0,8855,21664.0,1182.0,23
1,6,2,3,0,12359,19679.0,704.0,23
2,3,1,3,0,64,459.0,279.0,23
2,3,1,3,0,25,200.0,92.0,23
3,5,1,3,0,54,757.0,41.0,23
1,2,1,3,0,123,1180.0,88.0,23
2,3,1,3,0,25,108.0,156.0,23
1,6,1,3,0,10632,10548.0,1797.0,23
1,6,2,4,0,1,32957.0,555.0,23
1,6,1,1,0,3640,7812.0,554.0,23
3,5,1,2,0,14024,9536.0,2247.0,23
1,6,1,1,0,6328,9788.0,791.0,23
1,6,2,4,0,43412,57413.0,7080.0,23
1,6,2,4,0,33806,37732.0,825.0,23
1,6,1,3,0,8507,11335.0,1651.0,23
3,5,1,3,0,215,1560.0,252.0,23
3,5,1,3,0,2667,7915.0,240.0,23
3,5,1,3,0,40316,14677.0,857.0,23
3,5,1,3,0,258,747.0,144.0,23
3,8,1,1,0,1117,2404.0,481.0,23
1,9,1,3,0,2586,5880.0,435.0,23
1,6,1,2,0,17635,22099.0,1970.0,23
1,6,1,3,0,772,2878.0,284.0,23
2,3,1,3,0,21,188.0,209.0,23
1,6,1,3,0,3221,6293.0,849.0,23
1,6,2,4,0,30296,45214.0,1317.0,23
2,3,1,3,0,83,198.0,101.0,23
2,3,1,3,0,32,420.0,193.0,23
2,3,1,3,0,2972,6980.0,5400.0,23
2,3,1,3,0,101,927.0,87.0,23
2,3,1,3,0,497,3244.0,437.0,23
2,3,1,3,0,31,129.0,57.0,23
2,3,1,3,0,68,231.0,61.0,23
2,3,1,3,0,23,215.0,70.0,23
2,3,1,3,0,36,273.0,143.0,23
3,5,1,1,0,295,854.0,100.0,23
3,5,1,3,0,31,145.0,16.0,23
3,5,1,2,0,6535,14003.0,825.0,23
1,6,4,4,0,44377,27664.0,2075.0,23
1,6,1,3,0,4714,16365.0,511.0,23
1,6,2,3,0,40772,44439.0,1402.0,23
1,6,1,2,0,2593,7929.0,631.0,23
1,6,1,3,0,688,2371.0,302.0,23
3,4,1,3,0,5,29.0,5.0,23
2,3,1,3,0,153,584.0,331.0,23
3,4,2,4,0,1522,726.0,184.0,23
3,8,2,4,0,4933,5569.0,635.0,23
3,8,1,3,0,5730,23202.0,710.0,23
3,8,1,3,0,63,650.0,27.0,23
3,8,1,3,0,32,370.0,41.0,23
3,8,1,1,0,329,1267.0,166.0,23
3,4,2,3,0,1214,2394.0,37.0,23
3,8,1,3,0,39,206.0,16.0,23
3,8,1,3,0,74,234.0,16.0,23
3,4,1,4,0,6,2.0,3.0,23
3,4,1,4,0,244,252.0,8.0,23
3,4,1,3,0,240,221.0,96.0,23
3,4,1,3,0,74,112.0,28.0,23
2,3,1,3,0,11,219.0,215.0,23
3,8,1,1,0,91,581.0,38.0,23
3,4,1,3,0,8,35.0,14.0,23
3,4,1,1,0,102,284.0,8.0,23
3,4,2,3,0,252,429.0,16.0,23
2,7,1,3,0,200,848.0,419.0,23
3,8,1,3,0,11,53.0,11.0,23
3,4,4,4,0,96,80.0,7.0,23
2,3,4,3,0,39,144.0,62.0,23
3,4,1,4,0,12,79.0,2.0,23
3,4,1,3,0,31,193.0,4.0,23
3,4,1,4,0,34,40.0,18.0,23
3,4,1,3,0,42,60.0,35.0,23
3,4,1,3,0,12,19.0,27.0,23
3,4,1,3,0,116,455.0,18.0,23
3,4,1,3,0,20,73.0,9.0,23
3,4,1,3,0,4,12.0,1.0,23
3,4,1,1,0,69,230.0,3.0,23
3,4,1,1,0,84,115.0,12.0,23
3,4,1,1,0,31,96.0,9.0,23
3,4,1,4,0,461,423.0,35.0,23
2,3,1,3,0,10,92.0,68.0,23
3,4,1,3,0,92,226.0,43.0,23
3,4,1,3,0,42,117.0,12.0,23
2,3,1,3,0,235,1614.0,256.0,23
2,3,1,3,0,11,71.0,48.0,23
2,3,4,3,0,112,738.0,174.0,23
2,3,1,3,0,104,956.0,353.0,23
2,3,1,3,0,14,178.0,125.0,23
2,3,1,3,0,12,153.0,106.0,23
1,6,2,4,0,24386,37326.0,628.0,23
2,3,1,3,0,15,250.0,178.0,23
2,3,1,3,0,46,162.0,195.0,23
2,3,1,3,0,62,445.0,182.0,23
2,3,1,3,0,186,904.0,606.0,23
2,3,1,1,0,13,41.0,30.0,23
2,3,1,3,0,90,728.0,238.0,23
2,3,1,3,0,30,209.0,45.0,23
2,3,1,3,0,62,339.0,137.0,23
2,3,1,3,0,20,128.0,85.0,23
3,5,1,3,0,209,980.0,40.0,23
2,3,1,3,0,28,233.0,122.0,23
3,4,1,3,0,72,184.0,24.0,23
3,4,1,4,0,70,185.0,40.0,23
3,4,1,3,0,868,1146.0,71.0,23
3,4,1,3,0,4,21.0,2.0,23
3,4,1,3,0,57,186.0,16.0,23
3,4,1,3,0,19,28.0,8.0,23
3,4,1,3,0,164,616.0,19.0,23
3,4,1,1,0,75,201.0,17.0,23
3,4,1,3,0,65,156.0,51.0,23
3,4,2,4,0,1269,1889.0,57.0,23
3,4,2,4,0,165,231.0,13.0,23
3,4,1,3,0,90,207.0,212.0,23
3,4,1,3,0,42,83.0,55.0,23
3,4,1,3,0,18,109.0,85.0,23
3,4,1,1,0,754,413.0,85.0,23
3,4,1,3,0,194,756.0,227.0,23
2,7,1,3,0,228,1656.0,137.0,23
2,3,1,3,0,21,156.0,181.0,23
2,7,1,3,0,64,548.0,490.0,23
2,1,2,3,0,26,178.0,84.0,23
2,1,1,3,0,20,108.0,46.0,23
2,1,4,3,0,96,156.0,15.0,23
2,1,1,3,0,9,74.0,21.0,23
2,1,1,3,0,81,748.0,154.0,23
1,2,1,2,0,4708,13821.0,486.0,23
2,1,1,3,0,6,21.0,8.0,23
2,7,1,3,0,15,202.0,97.0,23
2,7,1,3,0,264,1454.0,215.0,23
2,7,1,3,0,3,65.0,28.0,23
2,7,1,3,0,143,428.0,67.0,23
2,7,1,3,0,65,220.0,18.0,23
2,7,1,3,0,202,2826.0,162.0,23
2,7,1,3,0,43,431.0,364.0,23
2,7,1,4,0,5,69.0,47.0,23
2,1,1,3,0,1,41.0,3.0,23
2,1,2,3,0,2,12.0,9.0,23
2,1,1,3,0,9,107.0,21.0,23
3,8,1,2,0,3950,4740.0,745.0,23
3,8,1,2,0,370,649.0,210.0,23
3,8,1,3,0,1043,6072.0,124.0,23
3,8,1,3,0,301,991.0,185.0,23
1,2,1,3,0,465,2116.0,186.0,23
2,7,1,3,0,272,3795.0,123.0,23
1,2,1,3,0,420,1373.0,181.0,23
2,1,1,3,0,7,59.0,9.0,23
2,7,1,3,0,59,1180.0,116.0,23
2,7,1,3,0,4,44.0,26.0,23
2,1,1,3,0,12,147.0,54.0,23
2,1,4,3,0,9,81.0,19.0,23
2,1,1,3,0,5,28.0,5.0,23
2,1,1,3,0,3,99.0,16.0,23
2,1,1,3,0,22,115.0,10.0,23
2,7,1,4,0,61,608.0,92.0,23
2,7,1,3,0,58,273.0,101.0,23
2,7,1,3,0,137,407.0,62.0,23
2,7,1,3,0,26,355.0,56.0,23
1,9,2,4,0,163398,111962.0,2074.0,23
1,9,1,3,0,1529,3287.0,624.0,23
1,9,1,1,0,4749,7665.0,548.0,23
1,9,4,3,0,96,2942.0,181.0,23
1,9,4,3,0,96,2673.0,296.0,23
1,9,4,3,0,1,6995.0,177.0,23
1,2,1,3,0,7855,7048.0,392.0,23
1,2,1,3,0,1107,2870.0,221.0,23
1,2,1,3,0,321,3326.0,168.0,23
1,2,1,3,0,3658,9777.0,3388.0,23
2,1,1,3,0,60,262.0,31.0,23
2,1,1,3,0,4,44.0,32.0,23
2,1,1,3,0,4,28.0,4.0,23
1,9,2,3,0,7958,22830.0,352.0,23
2,7,1,3,0,54,472.0,348.0,23
1,9,1,3,0,25072,42029.0,1524.0,23
3,8,1,3,0,11,57.0,2.0,23
1,9,4,4,0,96,2139.0,176.0,23
1,2,1,3,0,687,1673.0,154.0,23
2,7,1,3,0,652,4828.0,249.0,23
2,7,1,3,0,243,858.0,275.0,23
2,7,1,3,0,38,208.0,63.0,23
2,7,1,3,0,3,35.0,10.0,23
2,7,1,3,0,268,565.0,103.0,23
2,7,1,3,0,27,94.0,26.0,23
2,7,1,3,0,28,397.0,113.0,23
2,7,1,3,0,10,47.0,20.0,23
2,1,1,3,0,21,160.0,26.0,23
2,1,1,3,0,6,22.0,8.0,23
1,9,4,3,0,1598,2817.0,448.0,23
1,9,4,1,0,27845,16152.0,3092.0,23
1,9,1,3,0,505,2429.0,118.0,23
1,9,1,3,0,2001,4125.0,196.0,23
1,9,1,3,0,2299,6942.0,1709.0,23
2,1,1,3,0,5,61.0,22.0,23
3,8,1,1,0,801,1732.0,52.0,23
2,1,4,3,0,96,9.0,11.0,23
3,8,1,3,0,618,1035.0,314.0,23
2,7,1,3,0,193,1118.0,482.0,23
1,2,1,3,0,104,1226.0,119.0,23
1,2,1,3,0,266,766.0,158.0,23
1,2,1,3,0,98,518.0,135.0,23
1,2,1,3,0,513,1685.0,983.0,23
1,2,1,4,0,234,645.0,50.0,23
2,7,1,3,0,79,280.0,137.0,23
1,2,1,3,0,258,1900.0,425.0,23
1,2,1,1,1,2426,5873.0,1021.0,23
1,2,1,3,0,189,1111.0,619.0,23
1,2,1,3,0,122,1641.0,269.0,23
1,2,2,3,0,96,4845.0,928.0,23
1,2,2,4,0,1,4497.0,402.0,23
2,7,1,3,0,167,872.0,88.0,23
1,2,1,3,0,115,721.0,195.0,23
2,7,1,3,0,6,31.0,24.0,23
2,7,1,3,0,37,98.0,41.0,23
2,7,1,3,0,43,271.0,159.0,23
2,7,1,3,0,375,1659.0,752.0,23
3,8,1,3,0,659,818.0,93.0,23
2,7,1,3,0,25,192.0,34.0,23
2,7,1,3,0,13,129.0,24.0,23
2,7,1,3,0,4,27.0,4.0,23
2,7,1,3,0,16,110.0,34.0,23
2,7,1,3,0,4,31.0,17.0,23
1,2,1,3,0,5028,4650.0,660.0,23
2,7,1,3,0,342,3065.0,1042.0,23
2,7,1,3,0,184,601.0,137.0,23
2,7,1,3,0,362,3419.0,222.0,23
2,7,1,3,0,9,47.0,35.0,23
3,8,1,4,0,172,638.0,33.0,23
3,8,1,3,0,472,2089.0,110.0,23
3,8,1,3,0,612,1859.0,635.0,23
2,7,1,3,0,3,82.0,60.0,23
2,7,4,3,0,14,99.0,49.0,23
3,8,1,3,0,1064,954.0,359.0,23
3,8,1,3,0,2383,2097.0,544.0,23
2,7,1,3,0,13,155.0,29.0,23
2,7,1,3,0,53,440.0,213.0,23
2,7,1,3,0,35,189.0,127.0,23
3,8,1,3,0,103,297.0,28.0,23
3,8,1,3,0,93,727.0,34.0,23
3,8,1,3,0,986,1907.0,793.0,23
3,8,1,3,0,328,927.0,353.0,23
3,8,1,1,0,1528,1119.0,104.0,23
3,8,1,1,0,1541,1875.0,222.0,23
3,8,1,3,0,32,34.0,8.0,23
3,8,1,3,0,8,62.0,1.0,23
3,8,1,1,0,44,145.0,15.0,23
2,7,1,3,0,2,64.0,20.0,23
3,8,1,1,0,5323,4317.0,1806.0,23
3,8,1,2,0,2918,9774.0,1411.0,23
2,7,1,3,0,46,617.0,202.0,23
2,7,1,3,0,64,332.0,182.0,23
3,8,1,3,0,158,1119.0,18.0,23
2,7,1,3,0,133,633.0,194.0,23
2,7,1,3,0,18,144.0,117.0,23
3,8,1,3,0,46,97.0,7.0,23
2,7,1,3,0,2,47.0,6.0,23
2,7,1,3,0,33,177.0,230.0,23
2,7,1,3,0,108,886.0,773.0,23
2,7,1,3,0,40,267.0,99.0,23
2,7,1,3,0,4,46.0,61.0,23
2,7,1,3,0,41,587.0,132.0,23
2,7,1,3,0,27,243.0,47.0,23
2,7,1,3,0,51,251.0,52.0,23
2,7,1,3,0,64,605.0,317.0,23
2,7,1,3,0,10,133.0,95.0,23
2,7,1,3,0,1523,7737.0,845.0,23
2,7,1,3,0,314,1075.0,379.0,23
3,8,1,3,0,22,53.0,1.0,23
3,8,1,3,0,131,1304.0,12.0,26
3,8,1,3,0,8,62.0,1.0,26
3,8,1,2,0,9969,4700.0,746.0,26
3,8,1,2,0,1121,1366.0,140.0,26
3,8,1,3,0,25,69.0,9.0,26
3,8,2,4,0,8634,14160.0,201.0,26
3,8,1,3,0,4,99.0,5.0,26
3,8,1,3,0,538,1733.0,976.0,26
3,8,1,3,0,13,97.0,7.0,26
3,8,1,3,0,34,188.0,33.0,26
3,8,1,2,0,39,169.0,3.0,26
3,8,1,2,0,4846,7014.0,691.0,26
3,8,1,1,0,1423,2264.0,714.0,26
3,8,1,2,0,799,4648.0,235.0,26
3,8,1,1,0,5942,8273.0,153.0,26
1,6,4,3,1,2307,9266.0,571.0,26
1,6,2,1,0,12626,19499.0,780.0,26
3,8,2,3,0,23985,15112.0,1681.0,26
1,6,2,3,1,6084,26513.0,462.0,26
1,6,1,1,1,3367,8926.0,279.0,26
3,8,1,3,0,9,110.0,6.0,26
3,8,2,4,0,6378,17261.0,124.0,26
1,6,2,4,1,18407,42546.0,1575.0,26
3,8,1,3,0,383,1734.0,24.0,26
1,6,1,3,0,3518,8044.0,297.0,26
1,6,2,4,0,15453,34388.0,1473.0,26
1,6,4,3,1,15067,31402.0,2174.0,26
1,6,1,3,0,1644,4769.0,263.0,26
1,6,1,4,0,7198,27398.0,482.0,26
1,6,2,3,1,18787,64701.0,1655.0,26
1,6,2,4,1,34116,65604.0,1445.0,26
1,6,1,3,0,1063,3631.0,121.0,26
1,6,1,3,1,7755,14451.0,627.0,26
1,6,2,3,1,26036,39811.0,1196.0,26
3,8,2,4,0,14942,12546.0,302.0,26
3,8,1,3,0,277,2467.0,87.0,26
3,8,1,2,0,5496,4590.0,192.0,26
3,8,2,4,0,795,1638.0,39.0,26
3,8,1,3,0,346,1261.0,74.0,26
3,8,1,3,0,29,316.0,57.0,26
3,8,1,3,0,56,289.0,21.0,26
3,8,1,3,0,299,628.0,302.0,26
3,8,1,1,0,1227,2611.0,835.0,26
3,8,1,3,0,1316,3302.0,3835.0,26
3,8,1,3,0,317,1503.0,58.0,26
3,8,1,1,0,620,857.0,464.0,26
3,8,1,3,0,141,1601.0,26.0,26
1,6,4,3,1,4318,11721.0,1730.0,26
1,9,1,3,0,6170,21808.0,683.0,26
1,6,2,3,0,82192,88265.0,1398.0,26
1,6,2,3,0,11586,30179.0,407.0,26
1,6,2,3,1,4573,20892.0,354.0,26
1,2,1,3,0,1156,6117.0,229.0,26
1,6,2,4,1,96,19852.0,591.0,26
1,6,1,3,1,1623,5742.0,387.0,26
1,6,2,4,1,5,34839.0,2327.0,26
1,9,4,4,0,4,3688.0,190.0,26
1,9,1,4,1,229,984.0,100.0,26
1,9,1,2,0,32181,48387.0,2551.0,26
1,9,2,4,1,1,20036.0,521.0,26
1,9,2,3,0,96,19843.0,550.0,26
1,2,1,4,1,131,1418.0,83.0,26
1,2,1,3,1,1444,9170.0,1672.0,26
1,2,1,3,0,6180,11698.0,442.0,26
1,2,4,4,0,96,1152.0,124.0,26
1,2,1,3,0,769,2745.0,343.0,26
1,6,1,3,1,2083,6983.0,165.0,26
1,2,1,3,0,1378,2292.0,177.0,26
1,2,1,4,0,7326,12324.0,317.0,26
2,3,1,4,0,16,194.0,166.0,26
1,2,1,3,0,605,1767.0,1001.0,26
1,6,1,3,1,1802,5018.0,298.0,26
2,3,4,3,1,135,739.0,405.0,26
2,3,4,3,1,151,1101.0,639.0,26
2,3,4,3,1,786,3868.0,609.0,26
1,6,2,3,0,61587,110656.0,1855.0,26
1,6,2,3,0,4247,14262.0,265.0,26
1,6,2,4,0,11167,31824.0,819.0,26
1,6,4,4,0,96,2476.0,99.0,26
1,6,2,4,0,9912,47616.0,1622.0,26
1,6,4,4,0,246246,154683.0,20576.0,26
1,6,1,3,0,799,4160.0,1087.0,26
1,6,1,3,0,4421,7729.0,831.0,26
1,6,1,3,0,3207,6796.0,502.0,26
1,6,1,3,0,4294,6778.0,1488.0,26
1,6,4,3,1,5988,25066.0,730.0,26
2,3,1,3,0,14,60.0,98.0,26
1,6,2,4,0,20276,38618.0,2073.0,26
1,6,1,2,0,28254,59251.0,2981.0,26
1,6,2,3,0,18363,35051.0,2987.0,26
1,6,2,4,0,17487,37960.0,799.0,26
1,6,2,4,0,47436,70427.0,2807.0,26
1,6,1,1,0,14507,55692.0,4068.0,26
1,6,1,3,0,2401,6880.0,231.0,26
1,6,1,3,0,2778,9407.0,634.0,26
1,6,4,3,0,51931,48630.0,2576.0,26
2,3,4,3,1,104,832.0,343.0,26
1,6,4,3,1,17665,40023.0,2077.0,26
2,3,4,3,1,339,1295.0,458.0,26
2,7,1,3,0,458,2936.0,113.0,26
2,3,4,3,1,84,646.0,301.0,26
2,7,1,3,0,419,1111.0,518.0,26
2,7,1,3,0,35,282.0,18.0,26
2,7,1,3,0,9,273.0,113.0,26
2,7,1,3,0,31,504.0,215.0,26
2,7,1,3,0,25,543.0,58.0,26
2,3,4,3,0,129,561.0,1288.0,26
2,3,1,3,0,16,126.0,34.0,26
2,3,4,3,0,158,463.0,279.0,26
2,3,1,3,0,30,356.0,218.0,26
2,3,4,3,0,40,302.0,272.0,26
2,3,1,3,0,155,2083.0,275.0,26
2,3,4,3,0,96,51.0,72.0,26
1,9,1,3,0,3487,6642.0,593.0,26
1,9,1,3,0,2896,9713.0,331.0,26
3,8,1,3,0,29,252.0,93.0,26
1,9,1,3,0,465,1839.0,111.0,26
3,5,1,3,0,7278,6616.0,385.0,26
3,5,1,4,0,608,2128.0,972.0,26
3,5,1,3,1,1397,4185.0,83.0,26
2,1,2,3,1,4,24.0,25.0,26
2,1,2,3,1,20,207.0,50.0,26
2,7,1,3,0,34,326.0,174.0,26
2,7,1,3,0,119,405.0,72.0,26
2,7,1,3,0,270,1231.0,337.0,26
2,7,1,3,0,24,205.0,35.0,26
1,2,1,2,0,4587,7960.0,2770.0,26
2,3,1,3,0,115,256.0,119.0,26
2,3,1,3,0,19,101.0,30.0,26
2,3,1,3,0,52,692.0,355.0,26
2,3,4,3,0,24,136.0,150.0,26
2,3,4,3,0,79,156.0,40.0,26
2,3,4,3,0,184,1490.0,597.0,26
2,3,1,3,0,35,228.0,69.0,26
2,3,1,3,0,216,344.0,163.0,26
2,3,4,3,0,43,130.0,96.0,26
2,1,2,3,1,8,40.0,16.0,26
2,3,1,3,0,100,357.0,162.0,26
2,3,1,3,0,31,137.0,91.0,26
2,3,4,3,1,1585,7051.0,1467.0,26
2,3,1,3,1,41,410.0,317.0,26
2,3,4,3,1,433,1476.0,1180.0,26
2,3,1,3,1,24,230.0,189.0,26
1,9,2,3,0,96,4584.0,172.0,26
2,3,1,3,0,6,46.0,41.0,26
2,3,1,3,0,22,306.0,61.0,26
2,3,1,3,0,13,75.0,52.0,26
1,9,4,4,0,2,12436.0,466.0,26
2,3,1,3,0,18,79.0,88.0,26
2,3,4,3,1,363,1706.0,467.0,26
2,1,2,3,1,6,43.0,14.0,26
3,8,1,3,0,96,395.0,176.0,26
3,5,1,3,0,3559,5162.0,147.0,26
3,5,1,3,0,96,545.5,131.5,26
2,1,4,3,1,37,62.0,40.0,26
3,4,1,4,0,650,1138.0,27.0,26
2,7,1,3,0,148,764.0,734.0,26
2,3,4,3,1,115,566.0,322.0,26
3,8,1,1,0,152,460.0,51.0,26
3,8,1,3,0,9,127.0,4.0,26
2,3,1,3,0,81,829.0,263.0,26
2,3,1,3,0,291,2408.0,185.0,26
2,3,1,3,0,22,135.0,70.0,26
2,3,1,3,0,17,80.0,53.0,26
2,3,2,4,0,70,153.0,116.0,26
2,3,4,3,0,71,351.0,557.0,26
2,3,1,3,0,24,409.0,94.0,26
2,3,1,3,0,20,255.0,165.0,26
2,3,2,4,1,68,219.0,166.0,26
2,3,4,3,1,157,401.0,396.0,26
2,3,4,3,1,245,1304.0,864.0,26
2,3,4,3,1,379,855.0,454.0,26
2,3,4,3,1,60,314.0,279.0,26
3,5,1,2,0,1665,2311.0,108.0,26
3,5,1,3,0,528,1072.0,25.0,26
3,5,1,3,0,1949,4525.0,382.0,26
3,5,1,3,0,922,2567.0,111.0,26
3,8,1,3,0,96,248.0,16.0,26
3,8,1,3,0,332,1926.0,1231.0,26
3,8,1,3,0,45,111.0,20.0,26
3,8,1,3,0,26,142.0,33.0,26
3,8,1,3,0,711,1640.0,437.0,26
3,8,1,3,0,34,364.0,25.0,26
3,8,1,3,0,1449,3426.0,56.0,26
3,8,1,3,0,14,221.0,24.0,26
3,5,1,4,0,6769,11670.0,283.0,26
3,5,1,3,0,8646,8683.0,1133.0,26
2,1,1,4,1,228,447.0,147.0,26
3,5,1,3,0,11994,10501.0,4376.0,26
1,9,2,4,0,3550,16026.0,709.0,26
1,9,2,4,0,2530,9010.0,325.0,26
1,9,2,4,0,45140,50278.0,2148.0,26
1,9,2,4,0,22056,37282.0,868.0,26
1,9,2,4,0,96,14736.0,604.0,26
2,3,1,3,0,20,46.0,33.0,26
2,3,1,3,0,31,140.0,58.0,26
3,5,1,3,0,60,431.0,36.0,26
3,5,1,1,0,2403,2191.0,469.0,26
3,5,1,3,0,1441,3309.0,870.0,26
2,3,1,3,0,9,71.0,65.0,26
1,2,1,3,0,555,2176.0,399.0,26
2,1,1,3,1,22,175.0,67.0,26
1,2,1,1,0,298,1475.0,279.0,26
2,1,4,4,0,39,109.0,31.0,26
2,1,4,4,0,96,33.0,13.0,26
2,1,1,3,0,7,19.0,5.0,26
2,1,4,4,0,96,35.0,11.0,26
2,7,1,3,1,40,623.0,96.0,26
2,7,1,3,1,12,183.0,81.0,26
2,7,4,3,1,14,116.0,54.0,26
2,7,1,3,0,65,506.0,153.0,26
2,7,4,3,1,37,342.0,158.0,26
2,7,1,3,1,352,2422.0,169.0,26
2,7,4,3,1,61,608.0,91.0,26
2,7,4,3,1,18,407.0,145.0,26
2,7,4,3,1,85,1095.0,160.0,26
2,7,4,3,1,9,260.0,126.0,26
2,7,1,3,1,995,9263.0,554.0,26
2,7,4,3,1,23,329.0,109.0,26
2,7,4,3,1,161,2538.0,230.0,26
2,7,4,3,1,14,111.0,68.0,26
2,7,4,3,1,46,745.0,109.0,26
2,7,1,3,1,119,278.0,75.0,26
2,7,1,3,1,16,120.0,43.0,26
2,1,4,3,0,27,138.0,166.0,26
2,7,1,3,0,74,921.0,165.0,26
2,1,4,3,0,96,24.0,12.0,26
2,1,4,4,0,121,508.0,777.0,26
2,1,4,4,0,205,1049.0,997.0,26
2,1,1,3,0,2,26.0,23.0,26
2,1,4,3,1,7,29.0,15.0,26
2,1,4,3,1,66,55.0,25.0,26
2,1,2,3,1,20,39.0,5.0,26
2,1,2,3,1,96,2.0,0.0,26
2,1,4,3,1,7,36.0,13.0,26
2,1,1,3,0,10,82.0,6.0,26
2,1,4,3,1,38,154.0,39.0,26
2,1,4,3,1,12,67.0,23.0,26
2,1,4,4,0,5,34.0,17.0,26
2,1,4,4,0,70,398.0,120.0,26
2,1,4,4,0,96,217.0,79.0,26
2,1,4,3,0,19,131.0,13.0,26
2,1,4,4,0,96,13.0,9.0,26
2,1,4,4,0,96,23.0,13.0,26
2,1,1,3,0,29,133.0,36.0,26
2,1,4,4,0,8,104.0,29.0,26
2,1,1,4,0,2,50.0,34.0,26
2,1,4,3,0,196,1014.0,86.0,26
2,1,1,3,0,15,94.0,54.0,26
2,1,1,3,0,8,22.0,29.0,26
2,7,1,3,0,16,147.0,65.0,26
2,7,1,3,0,11,31.0,26.0,26
2,7,1,3,0,84,812.0,600.0,26
2,7,1,3,0,10,161.0,86.0,26
2,7,1,3,0,49,244.0,66.0,26
2,7,1,3,0,12,22.0,23.0,26
2,7,1,3,0,18,655.0,130.0,26
2,7,1,3,0,25,218.0,149.0,26
2,7,1,3,0,3,18.0,4.0,26
2,7,1,3,0,10,103.0,52.0,26
2,7,1,3,0,36,292.0,172.0,26
2,7,1,3,0,19,598.0,33.0,26
2,7,1,3,0,23,616.0,70.0,26
2,7,1,3,0,15,154.0,75.0,26
2,7,1,3,0,23,277.0,278.0,26
2,7,1,3,0,6,121.0,3.0,26
2,7,1,3,0,27,388.0,230.0,26
2,7,1,3,0,35,288.0,110.0,26
2,7,1,3,0,13,65.0,29.0,26
2,7,1,3,0,12233,21425.0,1005.0,26
2,7,1,3,0,9,59.0,3.0,26
2,7,1,3,0,8,187.0,116.0,26
2,7,1,3,0,46,134.0,32.0,26
1,2,1,3,0,273,1014.0,168.0,26
2,7,4,3,0,3,30.0,16.0,26
2,7,1,3,0,4,35.0,33.0,26
2,7,1,3,0,40,179.0,74.0,26
2,7,4,3,0,80,263.0,34.0,26
2,7,1,3,0,24,72.0,32.0,26
2,7,1,3,0,450,2782.0,257.0,26
2,7,1,3,0,167,866.0,80.0,26
2,7,4,3,1,8,59.0,32.0,26
2,7,4,3,1,11,118.0,105.0,26
2,7,1,3,0,24,182.0,95.0,26
2,7,4,3,1,99,668.0,68.0,26
2,7,4,3,1,13,108.0,57.0,26
2,7,1,3,0,411,5404.0,187.0,26
2,7,4,3,1,40,978.0,144.0,26
2,1,4,3,0,134,166.0,33.0,26
2,7,4,3,1,29,172.0,52.0,26
2,7,1,3,0,13,60.0,18.0,26
2,7,1,3,0,5,40.0,8.0,26
2,7,1,3,0,3,17.0,7.0,26
2,7,1,3,0,14,177.0,112.0,26
2,7,1,3,0,10,71.0,52.0,26
2,7,1,3,0,86,961.0,106.0,26
2,7,2,4,0,36,189.0,27.0,26
2,7,1,3,0,2,19.0,7.0,26
2,7,1,3,0,22,427.0,61.0,26
2,7,1,3,0,32,518.0,102.0,26
2,7,4,3,1,55,269.0,103.0,26
2,1,1,3,0,11,63.0,24.0,26
2,7,1,3,0,238,1942.0,405.0,26
3,4,2,4,0,293,500.0,18.0,26
3,4,1,3,0,284,587.0,275.0,26
3,4,1,3,0,57,240.0,90.0,26
3,4,1,2,0,140,127.0,12.0,26
3,4,1,3,0,20,99.0,7.0,26
3,4,1,2,0,1178,3724.0,67.0,26
3,4,1,1,0,172,249.0,72.0,26
3,4,1,3,0,5,30.0,2.0,26
3,4,1,3,0,2,27.0,1.0,26
3,4,1,3,0,30,74.0,5.0,26
2,1,1,3,1,10,97.0,39.0,26
2,1,2,3,1,4,26.0,28.0,26
2,3,4,3,0,73,503.0,801.0,26
2,3,1,3,0,5,47.0,52.0,26
2,3,1,3,0,22,162.0,140.0,26
2,7,1,3,1,25,250.0,165.0,26
2,7,4,3,1,509,2292.0,202.0,26
2,7,4,3,1,25,428.0,54.0,26
2,7,1,3,1,7,162.0,26.0,26
2,7,4,3,1,77,416.0,155.0,26
2,7,4,3,1,6857,28505.0,1636.0,26
2,7,4,3,1,48,536.0,215.0,26
2,3,4,3,0,96,365.0,675.0,26
2,1,4,3,1,13,43.0,28.0,26
3,4,1,1,0,3,53.0,7.0,26
3,4,1,3,0,50,96.0,9.0,26
1,2,1,3,0,533,1635.0,552.0,26
3,4,2,2,0,5870,2856.0,122.0,26
1,2,1,2,0,273,2423.0,301.0,26
1,2,1,3,0,1354,4298.0,209.0,26
1,2,1,3,0,930,4095.0,428.0,26
1,6,2,3,1,33457,89601.0,3135.0,26
2,7,1,3,0,92,335.0,152.0,26
2,3,1,3,0,70,254.0,164.0,26
2,7,1,3,0,17,96.0,44.0,26
3,4,1,3,0,23,46.0,16.0,26
2,7,1,3,1,1849,2352.0,181.0,26
2,3,1,3,0,48,311.0,256.0,26
2,3,1,3,0,20,61.0,113.0,26
2,3,4,3,0,39,343.0,390.0,26
2,3,1,3,0,243,1156.0,334.0,26
2,3,2,4,0,83,207.0,183.0,26
2,3,1,3,0,29,175.0,92.0,26
2,3,4,3,0,69,365.0,675.0,26
2,3,1,3,0,143,1013.0,488.0,26
3,4,4,4,1,96,60.0,17.0,26
3,4,1,1,1,126,467.0,29.0,26
3,4,1,3,0,64,154.0,8.0,26
2,3,4,3,0,37,255.0,357.0,26
2,7,4,3,1,91,1294.0,141.0,26
1,6,2,4,1,12719,32428.0,1368.0,26
2,7,4,3,1,337,1519.0,473.0,26
3,4,1,4,0,15,57.0,1.0,26
3,4,1,1,0,41,150.0,14.0,26
3,4,1,4,0,101,185.0,18.0,26
3,4,1,3,0,166,513.0,3.0,26
3,4,1,2,0,1639,1150.0,45.0,26
3,4,2,4,0,3372,2736.0,93.0,26
3,4,2,4,0,39,115.0,17.0,26
3,4,1,3,0,472,452.0,55.0,26
3,4,1,1,0,836,775.0,129.0,26
2,1,2,3,1,7,30.0,9.0,26
3,4,1,3,0,22,59.0,6.0,26
3,4,1,1,0,362,192.0,35.0,26
3,4,1,4,0,4,29.0,5.0,26
3,4,1,3,0,16,15.0,5.0,26
3,4,1,3,0,36,84.0,34.0,26
3,4,1,3,0,42,169.0,6.0,26
3,4,1,3,0,50,51.0,33.0,26
3,4,1,1,0,28,72.0,20.0,26
3,4,2,4,0,547,1045.0,11.0,26
2,7,4,3,1,24,321.0,73.0,26
3,4,1,4,0,40,38.0,6.0,26
3,4,1,3,0,5,18.0,5.0,26
3,4,2,4,0,96,855.0,18.0,26
3,4,1,4,0,4,27.0,6.0,26
2,1,1,3,0,14,261.0,59.0,26
2,1,1,3,0,5,45.0,29.0,26
2,7,4,3,1,34,457.0,132.0,26
2,7,4,3,1,190,2014.0,369.0,26
2,7,4,3,1,117,1229.0,120.0,26
2,7,1,3,1,22,325.0,78.0,26
2,7,4,3,1,576,2749.0,427.0,26
2,7,1,3,1,48,394.0,109.0,26
2,7,4,3,1,50,464.0,114.0,26
2,7,4,3,1,33,161.0,69.0,26
2,7,1,3,1,164,1988.0,163.0,26
2,7,1,3,1,774,3586.0,208.0,26
2,7,1,3,1,108,816.0,524.0,26
2,1,4,4,0,114,169.0,72.0,26
2,7,1,3,1,217,1836.0,165.0,26
2,7,4,3,1,37,315.0,160.0,26
2,1,2,3,1,4,17.0,8.0,26
2,1,2,3,1,3,5.0,12.0,26
3,4,1,3,0,8,14.0,9.0,26
2,7,1,3,0,597,1427.0,327.0,26
2,7,4,3,1,584,1201.0,197.0,26
2,7,1,3,1,212,4119.0,188.0,26
2,7,4,3,1,65,554.0,189.0,26
2,7,1,3,1,86,1460.0,160.0,26
2,7,1,3,1,9,208.0,60.0,27
2,7,1,3,0,18,188.0,24.0,27
2,7,1,3,1,284,1246.0,151.0,27
2,7,1,3,1,93,770.0,190.0,27
2,7,1,3,1,37,197.0,70.0,27
2,7,1,3,1,825,1708.0,404.0,27
2,7,1,3,1,41,237.0,25.0,27
2,7,1,3,1,17,186.0,203.0,27
2,7,1,3,1,53,362.0,34.0,27
2,7,1,3,1,13,98.0,30.0,27
2,7,1,3,1,2,31.0,32.0,27
2,7,1,3,1,9,255.0,27.0,27
2,7,1,3,1,965,10414.0,551.0,27
2,7,1,3,1,177,1397.0,133.0,27
2,7,1,3,1,96,807.0,208.0,27
2,7,1,3,1,35,255.0,49.0,27
2,7,1,3,1,5,122.0,34.0,27
2,7,1,3,1,50,827.0,86.0,27
2,7,1,3,1,19,306.0,70.0,27
2,7,1,3,1,23,254.0,103.0,27
2,7,1,3,0,37,404.0,62.0,27
2,7,1,3,1,62,1273.0,79.0,27
2,7,2,4,0,222,1043.0,39.0,27
2,7,1,3,0,7,57.0,12.0,27
2,7,1,3,0,5,189.0,92.0,27
2,7,1,3,1,245,3767.0,222.0,27
2,7,1,3,0,162,1805.0,51.0,27
2,7,1,3,0,94,385.0,32.0,27
2,7,1,3,0,1286,8025.0,238.0,27
2,7,1,3,1,16,203.0,37.0,27
2,7,1,3,0,15,95.0,43.0,27
2,7,1,3,0,7,147.0,9.0,27
2,7,1,3,0,18,50.0,26.0,27
2,7,1,3,0,94,1401.0,537.0,27
2,7,1,3,0,113,525.0,65.0,27
2,7,1,3,0,663,5742.0,456.0,27
2,7,1,3,0,6,98.0,25.0,27
2,7,1,3,1,3,63.0,21.0,27
2,7,1,3,1,13,180.0,115.0,27
2,7,1,3,1,133,1198.0,324.0,27
2,7,1,3,0,20,78.0,34.0,27
2,7,4,3,1,82,468.0,165.0,27
2,7,1,3,1,65,1070.0,153.0,27
1,2,1,3,1,2292,7051.0,932.0,27
2,7,1,3,1,420,3347.0,1576.0,27
1,2,1,4,1,305,2351.0,153.0,27
1,2,1,3,0,2188,4154.0,321.0,27
1,2,1,3,1,220,2193.0,236.0,27
1,2,1,3,0,273,1316.0,497.0,27
1,2,1,3,1,276,1549.0,417.0,27
1,2,1,3,1,586,2327.0,151.0,27
1,2,1,3,1,362,3086.0,224.0,27
2,3,1,4,1,45,211.0,189.0,27
2,3,1,3,1,388,1247.0,283.0,27
1,2,1,3,1,218,1808.0,113.0,27
2,3,2,3,1,34,82.0,36.0,27
2,3,4,4,1,117,304.0,270.0,27
2,3,4,4,1,2277,3188.0,1660.0,27
2,3,1,3,1,82,565.0,186.0,27
2,3,1,3,1,42,360.0,208.0,27
2,3,1,3,1,30,390.0,196.0,27
2,3,1,3,1,222,2066.0,189.0,27
2,7,1,3,1,29,553.0,288.0,27
2,3,1,3,1,1532,5976.0,1301.0,27
1,2,1,3,1,291,1909.0,509.0,27
2,7,1,3,1,473,2070.0,1293.0,27
1,2,1,3,0,2119,4853.0,1404.0,27
1,2,1,3,1,153,1054.0,234.0,27
2,7,1,3,1,265,3232.0,241.0,27
2,7,1,3,1,48,978.0,139.0,27
2,7,1,3,1,75,887.0,197.0,27
2,7,1,3,1,69,690.0,432.0,27
2,7,1,3,1,66,534.0,141.0,27
2,7,1,3,1,129,830.0,178.0,27
2,7,1,3,1,24,192.0,55.0,27
2,7,1,3,1,11,150.0,17.0,27
2,7,1,3,1,101,659.0,377.0,27
2,7,1,3,1,432,2016.0,723.0,27
2,7,1,3,1,22,773.0,55.0,27
2,7,1,3,0,18,110.0,13.0,27
3,4,1,3,0,14,24.0,0.0,27
3,4,1,4,0,49,116.0,7.0,27
3,4,1,3,1,225,527.0,135.0,27
2,3,4,4,1,232,800.0,302.0,27
2,3,1,3,1,1218,2415.0,815.0,27
1,2,1,3,1,4000,6878.0,255.0,27
1,2,1,3,1,1040,4425.0,135.0,27
1,2,1,3,1,913,5265.0,182.0,27
2,7,1,3,0,10,107.0,34.0,27
3,5,1,3,1,908,2807.0,154.0,27
2,7,1,3,0,12,46.0,19.0,27
2,7,1,3,1,478,2215.0,220.0,27
2,7,1,3,1,13,195.0,69.0,27
2,7,1,3,1,2197,5176.0,1521.0,27
2,7,1,3,1,37,489.0,246.0,27
2,7,1,3,1,325,1928.0,132.0,27
1,6,1,3,1,12212,48240.0,1037.0,27
1,6,4,4,1,4891,11754.0,785.0,27
1,6,1,1,0,12897,17085.0,1487.0,27
2,7,1,3,1,189,1394.0,159.0,27
1,6,1,3,1,15508,43655.0,1669.0,27
1,6,2,3,0,96,36716.0,685.0,27
1,6,1,1,0,11923,15228.0,4217.0,27
1,6,1,1,1,3483,19265.0,1015.0,27
1,6,2,4,1,58940,68577.0,2281.0,27
2,7,1,3,1,18,621.0,65.0,27
3,5,1,3,0,611,1324.0,86.0,27
3,5,1,2,1,202,516.0,88.0,27
1,9,1,3,1,3985,12966.0,538.0,27
1,6,1,2,0,5054,10271.0,431.0,27
2,7,1,3,1,187,1974.0,183.0,27
2,7,1,3,1,10,112.0,30.0,27
1,6,1,1,1,7540,15205.0,1484.0,27
2,3,1,3,1,206,980.0,400.0,27
1,6,4,4,0,8670,13856.0,3189.0,27
1,6,2,4,0,10799,15652.0,1579.0,27
1,6,4,4,0,34676,29531.0,4223.0,27
1,6,4,1,1,76113,87538.0,8339.0,27
1,6,2,4,1,12376,27749.0,1161.0,27
1,6,4,3,1,2,40931.0,6032.0,27
1,6,4,4,0,32230,49697.0,2287.0,27
1,6,1,3,1,2678,10312.0,1926.0,27
1,6,2,4,1,7598,27556.0,411.0,27
1,6,2,4,0,34023,75077.0,1598.0,27
1,6,4,4,1,11653,18248.0,4396.0,27
1,6,1,3,1,10269,26345.0,714.0,27
1,6,2,3,1,10303,26964.0,549.0,27
1,6,4,3,1,322630,210016.0,13508.0,27
1,6,1,3,1,22675,58948.0,2222.0,27
1,6,4,4,1,4911,12859.0,626.0,27
1,6,1,1,0,1225,7503.0,172.0,27
1,6,1,1,1,10975,20953.0,525.0,27
3,5,1,2,1,591,1048.0,65.0,27
3,5,1,1,0,312,704.0,77.0,27
3,5,1,1,0,3725,2657.0,180.0,27
3,5,1,1,0,367,624.0,80.0,27
1,6,2,4,1,112441,157386.0,4798.0,27
1,6,2,4,1,13988,28217.0,1105.0,27
1,6,2,4,0,23304,46926.0,950.0,27
3,5,1,3,0,329,1203.0,431.0,27
2,7,1,3,1,27,377.0,305.0,27
2,7,1,3,1,1579,5525.0,1419.0,27
2,7,1,3,0,190,1974.0,408.0,27
2,7,1,3,0,13,210.0,89.0,27
2,7,1,3,1,64,1441.0,294.0,27
2,7,1,3,0,90,1225.0,186.0,27
2,7,1,3,0,3,12.0,1.0,27
2,7,1,3,0,7,48.0,20.0,27
2,7,1,3,0,37,415.0,99.0,27
2,7,1,3,0,29,170.0,55.0,27
2,7,1,3,1,53,741.0,135.0,27
2,7,1,3,1,101,1665.0,108.0,27
2,7,1,3,1,363,3317.0,180.0,27
2,7,1,3,1,5,163.0,38.0,27
2,7,1,3,1,51,702.0,103.0,27
1,6,2,4,1,18294,44186.0,936.0,27
2,7,1,3,1,30,255.0,43.0,27
1,6,2,4,1,19481,58479.0,1590.0,27
1,6,2,4,1,14302,29127.0,864.0,27
3,5,1,3,0,11754,10325.0,863.0,27
3,5,1,3,0,1143,1434.0,507.0,27
3,5,1,3,0,325,1245.0,65.0,27
3,4,4,3,0,96,27.0,6.0,27
3,4,1,1,0,14,61.0,0.0,27
3,4,1,3,0,16,53.0,16.0,27
3,4,1,1,0,1340,1270.0,130.0,27
3,4,1,3,0,100,224.0,27.0,27
3,5,1,1,0,732,1130.0,235.0,27
3,5,1,2,1,3616,8807.0,338.0,27
1,6,2,4,1,12361,29914.0,1048.0,27
3,5,1,3,0,209,556.0,435.0,27
1,6,2,4,1,24356,84835.0,1396.0,27
1,6,2,4,1,14273,50065.0,1110.0,27
1,6,1,1,1,1166,7585.0,203.0,27
1,6,2,4,1,5030,14138.0,373.0,27
1,6,2,4,0,6,136057.0,1936.0,27
1,6,1,1,1,8404,26021.0,3775.0,27
1,6,2,4,1,261962,217848.0,11347.0,27
1,6,1,3,1,942,6556.0,167.0,27
2,3,4,3,1,353,1011.0,374.0,27
2,3,1,3,0,822,5179.0,2543.0,27
2,3,4,3,1,135,279.0,174.0,27
2,3,1,3,1,221,2002.0,630.0,27
2,7,1,3,0,1127,6443.0,201.0,27
3,5,1,2,0,267,1304.0,114.0,27
3,8,1,3,1,339,831.0,49.0,27
3,8,1,3,0,66,404.0,88.0,27
3,8,2,3,1,1819,9235.0,160.0,27
3,8,1,3,0,3384,12218.0,1415.0,27
3,8,1,3,0,52,484.0,16.0,27
2,3,1,3,0,23,197.0,144.0,27
3,8,1,3,0,56,416.0,34.0,27
1,9,4,4,0,96,120.0,21.0,27
1,9,2,4,0,204132,226937.0,3398.0,27
1,9,1,1,1,2443,9244.0,1090.0,27
1,9,1,3,1,1971,14502.0,1094.0,27
1,9,1,3,0,1054,4479.0,350.0,27
1,9,2,4,1,6185,27732.0,203.0,27
1,9,1,1,1,516,2397.0,334.0,27
1,9,4,4,1,4,14413.0,1974.0,27
3,8,1,1,0,244,959.0,93.0,27
2,3,1,3,0,198,1891.0,266.0,27
2,3,1,3,0,47,119.0,61.0,27
2,3,1,3,1,39,318.0,226.0,27
2,3,1,4,0,10,78.0,141.0,27
2,3,1,3,0,7,157.0,140.0,27
2,3,1,3,1,30,284.0,122.0,27
2,3,4,3,1,268,3747.0,840.0,27
2,3,4,3,0,29,258.0,161.0,27
2,3,4,4,0,135,872.0,901.0,27
2,3,4,3,1,47,427.0,653.0,27
2,3,1,3,0,271,1348.0,1004.0,27
2,3,1,3,0,9,81.0,40.0,27
2,3,1,3,0,88,717.0,57.0,27
2,3,1,3,0,9,64.0,94.0,27
2,3,1,3,0,405,1911.0,1332.0,27
2,3,1,3,0,24,311.0,104.0,27
2,3,1,3,0,6,195.0,155.0,27
2,3,1,3,0,40,649.0,294.0,27
2,3,1,3,0,77,235.0,105.0,27
2,3,1,3,0,145,886.0,539.0,27
2,3,1,3,0,17,49.0,58.0,27
2,3,1,3,0,14,79.0,65.0,27
1,9,4,3,1,211158,73348.0,13530.0,27
1,9,2,3,1,71217,149263.0,3064.0,27
1,9,2,4,0,4032,20935.0,382.0,27
1,9,2,3,1,506,4780.0,84.0,27
3,8,1,1,0,16,56.0,5.0,27
3,8,1,1,0,1901,4030.0,2213.0,27
3,8,1,3,0,119,247.0,12.0,27
3,8,1,1,0,7529,16178.0,594.0,27
3,8,1,1,0,308,605.0,42.0,27
3,8,1,1,0,457,523.0,51.0,27
3,8,1,3,0,682,1713.0,837.0,27
3,8,1,3,0,45,518.0,22.0,27
3,8,1,3,0,10,45.0,10.0,27
3,8,1,3,0,7,104.0,1.0,27
3,8,1,1,0,1119,2869.0,41.0,27
3,8,1,1,0,170,305.0,5.0,27
3,8,1,3,0,28,64.0,71.0,27
3,8,1,1,0,1194,1894.0,150.0,27
3,8,1,2,1,6990,9375.0,1500.0,27
3,8,1,3,0,246,1797.0,253.0,27
3,8,1,3,0,15,248.0,1.0,27
3,8,1,3,0,29,271.0,100.0,27
1,6,1,2,1,5541,9110.0,638.0,27
3,8,1,3,0,180,773.0,23.0,27
2,3,4,3,1,65,907.0,398.0,27
3,8,1,3,0,8,201.0,29.0,27
3,8,1,3,0,49,297.0,44.0,27
1,9,4,4,1,3387,4751.0,761.0,27
1,9,2,4,0,7700,25036.0,761.0,27
1,9,2,3,0,8168,15494.0,384.0,27
1,9,2,3,0,3169,7836.0,346.0,27
1,9,2,4,0,21563,33388.0,391.0,27
1,9,1,3,0,1451,4828.0,342.0,27
1,9,1,1,0,8236,12083.0,856.0,27
3,8,1,3,1,196,810.0,46.0,27
3,8,2,4,0,37867,30610.0,719.0,27
3,8,2,4,0,8970,11470.0,122.0,27
3,8,2,1,0,8314,11684.0,101.0,27
3,8,1,1,0,20,93.0,23.0,27
3,8,1,1,0,28,83.0,12.0,27
3,8,1,1,0,1519,1874.0,131.0,27
3,8,1,1,0,311,598.0,136.0,27
3,8,1,3,0,2821,5582.0,566.0,27
3,8,1,2,1,2881,5035.0,267.0,27
3,8,1,3,0,195,376.0,12.0,27
3,8,1,2,0,3330,4918.0,858.0,27
3,8,1,3,0,1766,9508.0,1620.0,27
2,3,4,3,0,115,1001.0,523.0,27
2,3,4,3,0,281,2707.0,2422.0,27
2,3,1,4,1,21,116.0,149.0,27
2,1,4,3,1,15,306.0,100.0,27
2,1,4,3,1,375,915.0,395.0,27
1,2,1,4,1,901,4563.0,118.0,27
2,1,1,3,1,14,184.0,107.0,27
1,2,1,1,1,818,3528.0,402.0,27
1,2,4,3,1,275,1452.0,110.0,27
1,2,1,3,0,2478,5419.0,832.0,27
1,2,1,1,1,864,2948.0,233.0,27
1,2,1,1,1,2283,3391.0,373.0,27
2,1,1,3,0,1,19.0,3.0,27
2,1,4,3,1,13,138.0,50.0,27
2,1,1,3,1,65,461.0,90.0,27
2,1,1,3,1,5,68.0,42.0,27
2,1,1,3,0,9,39.0,8.0,27
2,1,4,3,0,23,422.0,215.0,27
2,1,1,3,0,7,29.0,6.0,27
2,1,1,3,0,7,76.0,9.0,27
2,1,4,3,0,10,10.0,16.0,27
2,1,1,3,0,76,387.0,59.0,27
2,1,2,3,0,5,35.0,17.0,27
2,3,4,3,1,177,1184.0,1121.0,27
2,1,4,3,1,37,110.0,40.0,27
2,1,4,3,1,42,336.0,93.0,27
2,3,4,3,1,233,691.0,231.0,27
2,3,1,4,1,61,670.0,382.0,27
2,3,1,3,1,186,979.0,634.0,27
2,3,2,3,0,345,908.0,260.0,27
1,2,1,3,1,247,2467.0,126.0,27
1,2,1,3,1,1275,3156.0,342.0,27
3,4,1,2,1,380,568.0,47.0,27
2,1,4,3,1,1104,1420.0,230.0,27
2,1,1,3,1,19,332.0,68.0,27
2,1,1,3,0,21,185.0,69.0,27
2,1,4,3,1,27,540.0,119.0,27
2,1,1,3,1,3,66.0,33.0,27
2,1,4,3,1,108,673.0,146.0,27
2,1,4,3,1,32,97.0,59.0,27
2,1,1,3,1,8,137.0,67.0,27
2,1,4,3,1,45,366.0,116.0,27
2,1,1,3,1,25,184.0,56.0,27
2,1,4,3,1,96,42.0,18.0,27
2,1,4,3,1,73,204.0,98.0,27
2,1,4,4,1,96,93.0,68.0,27
2,3,1,4,1,24,271.0,128.0,27
2,3,4,3,0,110,627.0,516.0,27
3,4,1,1,0,1340,1270.0,130.0,27
3,4,1,3,0,19,40.0,13.0,27
3,4,1,3,0,175,563.0,32.0,27
3,4,1,3,0,2057,1681.0,166.0,27
3,4,1,3,0,12,48.0,53.0,27
3,4,1,3,0,213,1404.0,67.0,27
3,4,2,4,0,402,398.0,9.0,27
3,4,2,4,0,1403,1688.0,25.0,27
3,4,2,4,0,836,1030.0,22.0,27
3,4,1,3,1,2,44.0,31.0,27
3,4,1,1,0,474,1071.0,15.0,27
3,4,1,3,0,14,28.0,15.0,27
2,3,1,3,0,43,452.0,305.0,27
2,3,1,3,0,269,2278.0,224.0,27
2,3,1,3,0,76,747.0,566.0,27
2,3,1,3,0,295,2703.0,437.0,27
2,3,1,4,0,19,360.0,186.0,27
2,3,1,3,0,8,95.0,47.0,27
2,3,1,3,1,17,149.0,220.0,27
2,3,1,3,0,4,49.0,48.0,27
3,4,1,1,0,11,40.0,7.0,27
2,3,4,3,0,125,656.0,410.0,27
3,4,1,3,0,15,26.0,6.0,27
3,4,1,3,0,76,149.0,3.0,27
3,4,1,3,0,12,51.0,73.0,27
3,4,1,3,0,14,19.0,1.0,27
3,4,1,2,0,1456,1071.0,116.0,27
3,4,1,4,0,4,11.0,0.0,27
3,4,1,2,0,264,235.0,47.0,27
3,4,1,3,0,2,23.0,3.0,27
3,4,1,4,0,32,236.0,14.0,27
3,4,1,2,0,22,18.0,5.0,27
3,4,1,4,0,50,113.0,18.0,27
3,4,4,1,1,96,66.0,32.0,27
3,4,2,4,0,1209,1278.0,102.0,27
2,3,1,3,0,577,4284.0,655.0,27
2,3,1,3,0,30,285.0,230.0,27
2,3,1,3,0,174,1394.0,626.0,27
2,3,1,3,0,171,484.0,320.0,27
3,4,1,3,0,108,162.0,5.0,27
3,4,1,3,0,76,149.0,3.0,27
2,3,1,3,0,66,543.0,163.0,27
3,4,1,1,0,308,435.0,512.0,27
3,4,1,3,0,100,173.0,10.0,27
1,1,1,3,1,342925,199325.0,86086.0,25
1,1,1,3,1,342925,199325.0,86086.0,21
1,1,1,3,1,342925,199325.0,86086.0,21
1,1,1,3,1,342925,199325.0,86086.0,21
1,1,1,3,1,342925,199325.0,86086.0,21
1,1,1,3,1,342925,199325.0,86086.0,23
1,1,1,3,1,342925,199325.0,86086.0,21
1,1,1,3,1,342925,199325.0,60566.0,26
